{"stat.pickup.minecraft.bone":7,"stat.useItem.minecraft.iron_axe":30,"stat.leaveGame":1,"stat.mineBlock.minecraft.cobblestone":14,"stat.pickup.minecraft.stone_pickaxe":3,"stat.killEntity.betteranimalsplus.goat":4,"stat.craftItem.minecraft.iron_axe":1,"stat.useItem.zawa.bird_meat_cooked":7,"stat.drop.zawa.large_meat_cooked":1,"stat.swimOneCm":18139,"stat.pickup.zawa.worm":1,"stat.craftItem.zawa.bush_meat_cooked":1,"stat.useItem.minecraft.planks":4,"stat.craftItem.minecraft.shield":2,"stat.drop.minecraft.feather":3,"stat.pickup.minecraft.porkchop":24,"stat.useItem.minecraft.dirt":21,"stat.useItem.minecraft.stone_slab2":42,"stat.pickup.zawa.bird_meat":9,"stat.pickup.minecraft.sand":1,"stat.craftItem.minecraft.furnace":10,"stat.craftItem.minecraft.stone_pickaxe":15,"stat.pickup.minecraft.cobblestone":1432,"stat.craftItem.minecraft.stone_sword":1,"stat.flyOneCm":460426,"stat.craftItem.minecraft.iron_shovel":1,"stat.pickup.minecraft.sandstone":4,"stat.mineBlock.minecraft.sand":2,"stat.drop.minecraft.wheat_seeds":3,"stat.mineBlock.minecraft.iron_ore":97,"stat.timeSinceDeath":31524,"stat.useItem.minecraft.iron_pickaxe":407,"stat.craftItem.minecraft.wooden_pickaxe":4,"stat.pickup.minecraft.mutton":6,"stat.useItem.minecraft.iron_shovel":5,"stat.pickup.futuremc.smoker":2,"stat.mineBlock.biomesoplenty.log_2":1,"stat.mineBlock.biomesoplenty.dirt":1,"stat.pickup.minecraft.wooden_axe":1,"stat.furnaceInteraction":79,"stat.useItem.minecraft.cooked_porkchop":11,"stat.mineBlock.minecraft.coal_ore":142,"stat.pickup.srparasites.lurecomponent1":5,"stat.pickup.minecraft.shield":1,"stat.pickup.minecraft.wooden_sword":1,"stat.pickup.minecraft.string":6,"stat.useItem.minecraft.cooked_mutton":3,"stat.pickup.zawa.large_meat_raw":13,"stat.pickup.minecraft.furnace":1,"stat.craftItem.zawa.bird_meat_cooked":7,"stat.entityKilledBy.Skeleton":1,"stat.craftItem.minecraft.stone_slab2":0,"stat.pickup.zawa.blubber":5,"stat.drop.biomesoplenty.planks_0":39,"stat.pickup.biomesoplenty.flower_1":2,"stat.sprintOneCm":354297,"stat.mineBlock.biomesoplenty.flower_1":2,"stat.mineBlock.biomesoplenty.flower_0":1,"stat.mineBlock.biomesoplenty.log_0":92,"stat.craftItem.minecraft.stick":72,"stat.craftItem.minecraft.wooden_axe":2,"stat.mineBlock.biomesoplenty.grass":1,"stat.mineBlock.minecraft.crafting_table":2,"stat.pickup.minecraft.emerald":1,"stat.deaths":5,"stat.drop":18,"stat.pickup.zawa.fur":3,"stat.pickup.minecraft.egg":3,"stat.playOneMinute":104451,"stat.killEntity.Sheep":1,"stat.craftItem.minecraft.iron_pickaxe":2,"stat.pickup.zawa.care_guide":2,"stat.mineBlock.minecraft.tallgrass":10,"stat.craftItem.minecraft.cooked_mutton":3,"stat.diveOneCm":24860,"stat.chestOpened":15,"stat.craftItem.futuremc.smoker":2,"stat.useItem.minecraft.stone":8,"stat.pickup.minecraft.arrow":11,"stat.craftItem.minecraft.cooked_porkchop":12,"stat.useItem.minecraft.rotten_flesh":1,"stat.craftItem.biomesoplenty.planks_0":352,"stat.drop.minecraft.cooked_porkchop":1,"stat.jump":3069,"stat.pickup.minecraft.coal":146,"stat.fallOneCm":84552,"stat.pickup.minecraft.iron_ingot":3,"stat.useItem.biomesoplenty.fir_door":1,"stat.crouchOneCm":14792,"stat.pickup.minecraft.spider_eye":1,"stat.craftItem.minecraft.torch":76,"stat.craftItem.minecraft.iron_ingot":37,"stat.craftItem.minecraft.chest":2,"stat.pickup.minecraft.dirt":65,"stat.useItem.minecraft.cooked_chicken":3,"stat.craftingTableInteraction":48,"stat.pickup.minecraft.iron_ore":104,"stat.mineBlock.minecraft.lapis_ore":3,"stat.pickup.zawa.raw_cichlid":1,"stat.damageTaken":3078,"stat.pickup.minecraft.feather":33,"stat.pickup.minecraft.leather":7,"stat.drop.minecraft.bone":1,"stat.mineBlock.minecraft.torch":3,"stat.mineBlock.minecraft.furnace":1,"stat.useItem.minecraft.wooden_pickaxe":186,"stat.useItem.minecraft.furnace":4,"stat.pickup.srparasites.assimilated_flesh":2,"stat.mineBlock.biomesoplenty.plant_0":14,"stat.pickup.minecraft.dye":18,"stat.pickup.minecraft.planks":36,"stat.pickup.minecraft.reeds":26,"stat.pickup.minecraft.wheat_seeds":6,"stat.useItem.minecraft.stone_pickaxe":1185,"stat.useItem.minecraft.stone_sword":13,"stat.craftItem.minecraft.iron_leggings":1,"stat.damageDealt":9324,"stat.pickup.zawa.bush_meat_raw":3,"stat.mineBlock.minecraft.dirt":26,"stat.killEntity.Pig":11,"stat.craftItem.minecraft.iron_sword":1,"stat.pickup.zawa.rat_raw":3,"stat.mineBlock.minecraft.monster_egg":19,"stat.walkOneCm":234728,"stat.useItem.minecraft.torch":58,"stat.mineBlock.biomesoplenty.leaves_1":2,"stat.pickup.minecraft.crafting_table":2,"stat.pickup.biomesoplenty.sapling_0":6,"stat.useItem.minecraft.cobblestone":633,"stat.craftItem.minecraft.crafting_table":12,"stat.pickup.biomesoplenty.sapling_2":1,"stat.mineBlock.biomesoplenty.planks_0":3,"stat.mineBlock.minecraft.emerald_ore":1,"stat.pickup.minecraft.log":24,"stat.useItem.zawa.bush_meat_cooked":1,"stat.pickup.biomesoplenty.planks_0":78,"stat.mineBlock.futuremc.smoker":1,"stat.drop.biomesoplenty.sapling_0":3,"stat.craftItem.zawa.large_meat_cooked":11,"stat.drop.zawa.blubber":5,"stat.pickup.minecraft.iron_pickaxe":1,"stat.mineBlock.zawa.maireana":1,"stat.pickup.minecraft.stone":45,"stat.craftItem.minecraft.iron_chestplate":1,"stat.pickup.minecraft.chicken":3,"stat.pickup.minecraft.sapling":4,"stat.useItem.zawa.large_meat_cooked":10,"stat.entityKilledBy.Enderman":1,"stat.pickup.minecraft.apple":1,"stat.killEntity.Skeleton":5,"stat.pickup.biomesoplenty.log_0":93,"stat.craftItem.minecraft.planks":80,"stat.useItem.minecraft.iron_sword":141,"stat.pickup.biomesoplenty.log_2":1,"stat.killEntity.Chicken":3,"stat.useItem.biomesoplenty.planks_0":119,"stat.useItem.biomesoplenty.sapling_0":1,"stat.craftItem.biomesoplenty.fir_door":3,"stat.mobKills":55,"stat.mineBlock.minecraft.log":25,"stat.craftItem.minecraft.cooked_chicken":3,"stat.mineBlock.minecraft.leaves":54,"stat.pickup.biomesoplenty.dirt":1,"stat.pickup.minecraft.torch":5,"stat.sneakTime":4259,"stat.pickup.minecraft.wool":2,"stat.drop.minecraft.arrow":9,"stat.useItem.minecraft.wooden_axe":17,"stat.mineBlock.minecraft.stone":1493}