{"stat.craftItem.futuremc.smoker":2,"stat.pickup.minecraft.bone":4,"stat.useItem.minecraft.iron_axe":6,"stat.pickup.minecraft.arrow":2,"stat.mineBlock.minecraft.cobblestone":3,"stat.killEntity.betteranimalsplus.goat":2,"stat.craftItem.minecraft.iron_axe":1,"stat.useItem.zawa.bird_meat_cooked":5,"stat.craftItem.biomesoplenty.planks_0":292,"stat.swimOneCm":8939,"stat.jump":915,"stat.pickup.minecraft.coal":101,"stat.fallOneCm":25738,"stat.useItem.minecraft.planks":4,"stat.craftItem.minecraft.shield":1,"stat.drop.minecraft.feather":3,"stat.crouchOneCm":6417,"stat.craftItem.minecraft.torch":28,"stat.craftItem.minecraft.iron_ingot":37,"stat.pickup.minecraft.dirt":10,"stat.useItem.minecraft.dirt":6,"stat.useItem.minecraft.stone_slab2":19,"stat.pickup.zawa.bird_meat":5,"stat.craftingTableInteraction":26,"stat.pickup.minecraft.iron_ore":61,"stat.craftItem.minecraft.furnace":8,"stat.pickup.zawa.raw_cichlid":1,"stat.damageTaken":1126,"stat.pickup.minecraft.feather":11,"stat.pickup.minecraft.leather":3,"stat.drop.minecraft.bone":1,"stat.craftItem.minecraft.stone_pickaxe":2,"stat.useItem.minecraft.wooden_pickaxe":186,"stat.useItem.minecraft.furnace":4,"stat.pickup.minecraft.cobblestone":278,"stat.pickup.srparasites.assimilated_flesh":2,"stat.mineBlock.biomesoplenty.plant_0":8,"stat.pickup.minecraft.planks":26,"stat.pickup.minecraft.reeds":2,"stat.craftItem.minecraft.stone_sword":1,"stat.flyOneCm":137659,"stat.useItem.minecraft.stone_pickaxe":257,"stat.useItem.minecraft.stone_sword":13,"stat.craftItem.minecraft.iron_leggings":1,"stat.damageDealt":3421,"stat.pickup.zawa.bush_meat_raw":1,"stat.mineBlock.minecraft.iron_ore":61,"stat.timeSinceDeath":15063,"stat.craftItem.minecraft.wooden_pickaxe":4,"stat.pickup.minecraft.mutton":6,"stat.craftItem.minecraft.iron_sword":1,"stat.pickup.futuremc.smoker":1,"stat.mineBlock.biomesoplenty.dirt":1,"stat.walkOneCm":82172,"stat.useItem.minecraft.torch":13,"stat.mineBlock.biomesoplenty.leaves_1":2,"stat.pickup.minecraft.wooden_axe":1,"stat.pickup.minecraft.crafting_table":1,"stat.pickup.biomesoplenty.sapling_0":6,"stat.useItem.minecraft.cobblestone":73,"stat.craftItem.minecraft.crafting_table":6,"stat.furnaceInteraction":40,"stat.mineBlock.minecraft.coal_ore":102,"stat.pickup.srparasites.lurecomponent1":2,"stat.mineBlock.biomesoplenty.planks_0":1,"stat.pickup.minecraft.wooden_sword":1,"stat.pickup.minecraft.log":18,"stat.pickup.biomesoplenty.planks_0":38,"stat.drop.biomesoplenty.sapling_0":3,"stat.craftItem.zawa.large_meat_cooked":2,"stat.useItem.minecraft.cooked_mutton":3,"stat.pickup.zawa.large_meat_raw":2,"stat.craftItem.zawa.bird_meat_cooked":5,"stat.entityKilledBy.Skeleton":1,"stat.craftItem.minecraft.stone_slab2":0,"stat.pickup.minecraft.stone":5,"stat.craftItem.minecraft.iron_chestplate":1,"stat.drop.biomesoplenty.planks_0":37,"stat.pickup.minecraft.sapling":4,"stat.useItem.zawa.large_meat_cooked":1,"stat.pickup.biomesoplenty.flower_1":2,"stat.sprintOneCm":129407,"stat.mineBlock.biomesoplenty.flower_1":2,"stat.mineBlock.biomesoplenty.log_0":78,"stat.pickup.minecraft.apple":1,"stat.craftItem.minecraft.stick":32,"stat.craftItem.minecraft.wooden_axe":2,"stat.mineBlock.biomesoplenty.grass":1,"stat.killEntity.Skeleton":1,"stat.pickup.biomesoplenty.log_0":79,"stat.craftItem.minecraft.planks":56,"stat.useItem.minecraft.iron_sword":29,"stat.useItem.biomesoplenty.planks_0":116,"stat.useItem.biomesoplenty.sapling_0":1,"stat.mineBlock.minecraft.crafting_table":1,"stat.mobKills":15,"stat.mineBlock.minecraft.log":19,"stat.deaths":3,"stat.drop":6,"stat.pickup.zawa.fur":2,"stat.mineBlock.minecraft.leaves":54,"stat.playOneMinute":34878,"stat.pickup.biomesoplenty.dirt":1,"stat.killEntity.Sheep":1,"stat.sneakTime":1651,"stat.craftItem.minecraft.iron_pickaxe":1,"stat.pickup.minecraft.wool":2,"stat.drop.minecraft.arrow":1,"stat.pickup.zawa.care_guide":2,"stat.useItem.minecraft.wooden_axe":17,"stat.mineBlock.minecraft.stone":276,"stat.mineBlock.minecraft.tallgrass":2,"stat.craftItem.minecraft.cooked_mutton":3,"stat.diveOneCm":16980}