{"stat.leaveGame":2,"stat.killEntity.betteranimalsplus.goat":4,"stat.craftItem.minecraft.iron_axe":1,"stat.useItem.zawa.bird_meat_cooked":7,"stat.mineBlock.minecraft.sandstone":1,"stat.pickup.zawa.worm":2,"stat.craftItem.zawa.bush_meat_cooked":5,"stat.useItem.minecraft.planks":5,"stat.craftItem.minecraft.shield":2,"stat.drop.minecraft.feather":3,"stat.pickup.minecraft.porkchop":29,"stat.pickup.minecraft.rotten_flesh":6,"stat.pickup.minecraft.sand":1,"stat.craftItem.minecraft.stone_sword":1,"stat.craftItem.minecraft.iron_shovel":1,"stat.mineBlock.minecraft.sand":2,"stat.useItem.minecraft.iron_pickaxe":763,"stat.craftItem.minecraft.wooden_pickaxe":4,"stat.useItem.minecraft.iron_shovel":27,"stat.mineBlock.biomesoplenty.dirt":1,"stat.furnaceInteraction":115,"stat.pickup.srparasites.lurecomponent1":21,"stat.pickup.minecraft.beef":4,"stat.useItem.minecraft.cooked_mutton":3,"stat.pickup.zawa.large_meat_raw":15,"stat.pickup.minecraft.furnace":4,"stat.craftItem.zawa.bird_meat_cooked":7,"stat.drop.biomesoplenty.planks_0":39,"stat.pickup.biomesoplenty.flower_1":2,"stat.pickup.biomesoplenty.flower_0":5,"stat.useItem.minecraft.stone_stairs":45,"stat.pickup.minecraft.stone_stairs":2,"stat.pickup.minecraft.emerald":1,"stat.deaths":5,"stat.pickup.zawa.fur":5,"stat.pickup.minecraft.egg":6,"stat.playOneMinute":152900,"stat.craftItem.minecraft.iron_pickaxe":3,"stat.pickup.zawa.care_guide":2,"stat.mineBlock.minecraft.tallgrass":12,"stat.craftItem.minecraft.cooked_mutton":3,"stat.chestOpened":22,"stat.craftItem.futuremc.smoker":3,"stat.useItem.minecraft.stone":23,"stat.pickup.minecraft.arrow":15,"stat.pickup.minecraft.iron_sword":1,"stat.craftItem.biomesoplenty.planks_0":372,"stat.fallOneCm":117845,"stat.drop.minecraft.stone":67,"stat.useItem.biomesoplenty.fir_door":1,"stat.crouchOneCm":24108,"stat.mineBlock.minecraft.chest":1,"stat.craftItem.minecraft.iron_ingot":41,"stat.craftItem.minecraft.chest":3,"stat.craftingTableInteraction":78,"stat.pickup.zawa.raw_cichlid":1,"stat.mineBlock.minecraft.log2":12,"stat.pickup.minecraft.feather":33,"stat.drop.minecraft.bone":1,"stat.useItem.minecraft.furnace":4,"stat.mineBlock.biomesoplenty.plant_0":15,"stat.pickup.minecraft.dye":18,"stat.pickup.minecraft.planks":44,"stat.pickup.minecraft.wheat_seeds":6,"stat.useItem.minecraft.stone_pickaxe":2495,"stat.useItem.minecraft.stone_sword":13,"stat.craftItem.minecraft.iron_leggings":1,"stat.pickup.zawa.bush_meat_raw":6,"stat.mineBlock.minecraft.dirt":48,"stat.drop.minecraft.stick":2,"stat.mineBlock.minecraft.monster_egg":19,"stat.useItem.minecraft.torch":85,"stat.useItem.minecraft.bread":1,"stat.mineBlock.biomesoplenty.leaves_1":2,"stat.craftItem.minecraft.stone_stairs":52,"stat.pickup.minecraft.crafting_table":2,"stat.useItem.minecraft.cobblestone":875,"stat.craftItem.minecraft.crafting_table":18,"stat.mineBlock.minecraft.double_plant":3,"stat.mineBlock.minecraft.emerald_ore":1,"stat.pickup.minecraft.log":46,"stat.useItem.zawa.bush_meat_cooked":2,"stat.pickup.biomesoplenty.planks_0":83,"stat.craftItem.zawa.large_meat_cooked":15,"stat.drop.zawa.blubber":5,"stat.pickup.minecraft.iron_pickaxe":1,"stat.craftItem.biomesoplenty.boat_pine":1,"stat.drop.minecraft.planks":4,"stat.drop.minecraft.sapling":4,"stat.pickup.minecraft.chicken":3,"stat.pickup.minecraft.sapling":6,"stat.entityKilledBy.Enderman":1,"stat.killEntity.srmonstress.aloe":1,"stat.pickup.minecraft.apple":2,"stat.craftItem.minecraft.bucket":1,"stat.craftItem.minecraft.planks":152,"stat.useItem.minecraft.iron_sword":205,"stat.drop.biomesoplenty.flower_0":2,"stat.useItem.spartanweaponry.throwing_axe_iron":10,"stat.mineBlock.minecraft.log":52,"stat.craftItem.minecraft.cooked_chicken":4,"stat.useItem.biomesoplenty.boat_pine":1,"stat.pickup.biomesoplenty.dirt":1,"stat.sneakTime":6234,"stat.pickup.minecraft.wool":2,"stat.useItem.minecraft.wooden_axe":17,"stat.pickup.minecraft.stone_slab":6,"stat.pickup.minecraft.chest":1,"stat.pickup.minecraft.bone":9,"stat.useItem.minecraft.iron_axe":89,"stat.mineBlock.minecraft.cobblestone":20,"stat.pickup.minecraft.stone_pickaxe":3,"stat.drop.zawa.large_meat_cooked":1,"stat.swimOneCm":19613,"stat.drop.minecraft.cobblestone":192,"stat.useItem.minecraft.dirt":29,"stat.useItem.minecraft.stone_slab2":73,"stat.pickup.minecraft.bow":2,"stat.pickup.zawa.bird_meat":9,"stat.craftItem.minecraft.furnace":12,"stat.craftItem.minecraft.stone_pickaxe":25,"stat.craftItem.minecraft.cooked_beef":11,"stat.pickup.minecraft.cobblestone":3086,"stat.flyOneCm":642145,"stat.pickup.minecraft.sandstone":5,"stat.drop.minecraft.wheat_seeds":4,"stat.useItem.minecraft.cooked_beef":5,"stat.mineBlock.minecraft.iron_ore":111,"stat.timeSinceDeath":79973,"stat.pickup.minecraft.mutton":6,"stat.pickup.futuremc.smoker":3,"stat.mineBlock.biomesoplenty.log_2":6,"stat.pickup.minecraft.wooden_axe":1,"stat.drop.minecraft.dirt":20,"stat.useItem.minecraft.cooked_porkchop":21,"stat.pickup.minecraft.iron_shovel":1,"stat.mineBlock.minecraft.coal_ore":175,"stat.pickup.minecraft.shield":2,"stat.pickup.minecraft.wooden_sword":1,"stat.pickup.minecraft.string":6,"stat.entityKilledBy.Skeleton":1,"stat.craftItem.minecraft.stone_slab2":0,"stat.pickup.zawa.blubber":5,"stat.sprintOneCm":515583,"stat.mineBlock.biomesoplenty.flower_1":2,"stat.mineBlock.biomesoplenty.flower_0":2,"stat.mineBlock.biomesoplenty.log_0":92,"stat.craftItem.minecraft.stick":108,"stat.craftItem.minecraft.wooden_axe":2,"stat.mineBlock.biomesoplenty.grass":1,"stat.mineBlock.minecraft.crafting_table":2,"stat.mineBlock.minecraft.planks":2,"stat.drop":38,"stat.killEntity.Sheep":1,"stat.killEntity.Zombie":8,"stat.diveOneCm":32642,"stat.pickup.minecraft.wheat":1,"stat.craftItem.minecraft.cooked_porkchop":23,"stat.mineBlock.minecraft.deadbush":1,"stat.useItem.minecraft.rotten_flesh":1,"stat.drop.minecraft.cooked_porkchop":1,"stat.drop.minecraft.sandstone":3,"stat.jump":4334,"stat.pickup.minecraft.coal":255,"stat.pickup.minecraft.iron_ingot":3,"stat.pickup.minecraft.spider_eye":2,"stat.craftItem.minecraft.torch":104,"stat.pickup.minecraft.dirt":108,"stat.drop.minecraft.iron_shovel":1,"stat.useItem.minecraft.cooked_chicken":4,"stat.pickup.minecraft.iron_ore":118,"stat.boatOneCm":95190,"stat.mineBlock.minecraft.lapis_ore":3,"stat.mineBlock.minecraft.stone_stairs":2,"stat.damageTaken":4568,"stat.pickup.minecraft.leather":21,"stat.mineBlock.minecraft.torch":3,"stat.mineBlock.minecraft.furnace":4,"stat.useItem.minecraft.wooden_pickaxe":186,"stat.pickup.srparasites.assimilated_flesh":5,"stat.pickup.minecraft.log2":12,"stat.pickup.minecraft.reeds":50,"stat.damageDealt":13906,"stat.killEntity.Pig":11,"stat.craftItem.minecraft.iron_sword":1,"stat.pickup.zawa.rat_raw":3,"stat.craftItem.minecraft.stone_slab":6,"stat.walkOneCm":323346,"stat.pickup.minecraft.stick":5,"stat.pickup.biomesoplenty.sapling_0":6,"stat.pickup.biomesoplenty.sapling_2":1,"stat.mineBlock.biomesoplenty.planks_0":3,"stat.mineBlock.futuremc.smoker":2,"stat.drop.biomesoplenty.sapling_0":3,"stat.mineBlock.zawa.maireana":1,"stat.pickup.minecraft.stone":172,"stat.craftItem.minecraft.iron_chestplate":1,"stat.useItem.zawa.large_meat_cooked":14,"stat.drop.minecraft.egg":3,"stat.killEntity.Skeleton":8,"stat.pickup.biomesoplenty.log_0":93,"stat.pickup.biomesoplenty.log_2":6,"stat.killEntity.Chicken":3,"stat.useItem.biomesoplenty.planks_0":119,"stat.useItem.biomesoplenty.sapling_0":1,"stat.craftItem.biomesoplenty.fir_door":3,"stat.killEntity.Spider":2,"stat.mobKills":80,"stat.mineBlock.minecraft.leaves":56,"stat.pickup.minecraft.torch":5,"stat.drop.minecraft.arrow":9,"stat.mineBlock.minecraft.stone":3111}