{"stat.walkOneCm":57595,"stat.craftItem.futuremc.smoker":1,"stat.useItem.minecraft.torch":9,"stat.pickup.minecraft.bone":1,"stat.mineBlock.biomesoplenty.leaves_1":1,"stat.pickup.minecraft.wooden_axe":1,"stat.pickup.minecraft.arrow":1,"stat.mineBlock.minecraft.cobblestone":3,"stat.pickup.biomesoplenty.sapling_0":6,"stat.useItem.minecraft.cobblestone":33,"stat.craftItem.minecraft.crafting_table":6,"stat.killEntity.betteranimalsplus.goat":1,"stat.furnaceInteraction":6,"stat.mineBlock.minecraft.coal_ore":86,"stat.useItem.zawa.bird_meat_cooked":1,"stat.pickup.srparasites.lurecomponent1":2,"stat.pickup.minecraft.wooden_sword":1,"stat.pickup.minecraft.log":18,"stat.craftItem.biomesoplenty.planks_0":292,"stat.pickup.biomesoplenty.planks_0":37,"stat.jump":564,"stat.swimOneCm":8939,"stat.drop.biomesoplenty.sapling_0":3,"stat.pickup.minecraft.coal":85,"stat.fallOneCm":16475,"stat.useItem.minecraft.planks":4,"stat.useItem.minecraft.cooked_mutton":1,"stat.craftItem.zawa.bird_meat_cooked":1,"stat.drop.minecraft.feather":3,"stat.entityKilledBy.Skeleton":1,"stat.craftItem.minecraft.stone_slab2":0,"stat.pickup.minecraft.stone":4,"stat.crouchOneCm":6056,"stat.craftItem.minecraft.torch":28,"stat.drop.biomesoplenty.planks_0":37,"stat.pickup.minecraft.sapling":3,"stat.pickup.biomesoplenty.flower_1":2,"stat.pickup.minecraft.dirt":6,"stat.useItem.minecraft.dirt":4,"stat.sprintOneCm":78700,"stat.mineBlock.biomesoplenty.flower_1":2,"stat.useItem.minecraft.stone_slab2":13,"stat.mineBlock.biomesoplenty.log_0":74,"stat.pickup.minecraft.apple":1,"stat.pickup.zawa.bird_meat":3,"stat.craftItem.minecraft.stick":24,"stat.craftItem.minecraft.wooden_axe":2,"stat.craftingTableInteraction":14,"stat.pickup.minecraft.iron_ore":39,"stat.killEntity.Skeleton":1,"stat.craftItem.minecraft.furnace":2,"stat.pickup.biomesoplenty.log_0":73,"stat.pickup.zawa.raw_cichlid":1,"stat.craftItem.minecraft.planks":56,"stat.useItem.biomesoplenty.planks_0":116,"stat.useItem.biomesoplenty.sapling_0":1,"stat.damageTaken":855,"stat.pickup.minecraft.feather":9,"stat.pickup.minecraft.leather":1,"stat.craftItem.minecraft.stone_pickaxe":2,"stat.useItem.minecraft.wooden_pickaxe":186,"stat.mobKills":9,"stat.pickup.minecraft.cobblestone":216,"stat.mineBlock.biomesoplenty.plant_0":8,"stat.mineBlock.minecraft.log":19,"stat.pickup.minecraft.planks":26,"stat.pickup.minecraft.reeds":2,"stat.craftItem.minecraft.stone_sword":1,"stat.flyOneCm":84480,"stat.deaths":3,"stat.drop":4,"stat.pickup.zawa.fur":2,"stat.mineBlock.minecraft.leaves":54,"stat.playOneMinute":23178,"stat.killEntity.Sheep":1,"stat.useItem.minecraft.stone_pickaxe":158,"stat.sneakTime":1571,"stat.useItem.minecraft.stone_sword":13,"stat.pickup.minecraft.wool":2,"stat.damageDealt":1590,"stat.pickup.zawa.bush_meat_raw":1,"stat.mineBlock.minecraft.iron_ore":39,"stat.pickup.zawa.care_guide":2,"stat.timeSinceDeath":3363,"stat.useItem.minecraft.wooden_axe":17,"stat.craftItem.minecraft.wooden_pickaxe":4,"stat.mineBlock.minecraft.stone":214,"stat.mineBlock.minecraft.tallgrass":2,"stat.craftItem.minecraft.cooked_mutton":1,"stat.diveOneCm":16980,"stat.pickup.minecraft.mutton":4,"stat.pickup.futuremc.smoker":1}