{"stat.leaveGame":2,"stat.killEntity.betteranimalsplus.goat":4,"stat.craftItem.minecraft.iron_axe":1,"stat.useItem.zawa.bird_meat_cooked":8,"stat.mineBlock.minecraft.sandstone":1,"stat.pickup.zawa.worm":2,"stat.craftItem.zawa.bush_meat_cooked":5,"stat.useItem.minecraft.planks":10,"stat.craftItem.minecraft.shield":2,"stat.drop.minecraft.feather":3,"stat.pickup.minecraft.porkchop":29,"stat.useItem.minecraft.water_bucket":3,"stat.pickup.minecraft.rotten_flesh":7,"stat.pickup.minecraft.sand":1,"stat.pickup.minecraft.bucket":1,"stat.killEntity.Enderman":1,"stat.craftItem.minecraft.stone_sword":1,"stat.craftItem.minecraft.iron_shovel":1,"stat.mineBlock.minecraft.sand":2,"stat.killEntity.Witch":1,"stat.useItem.minecraft.iron_pickaxe":1013,"stat.craftItem.minecraft.wooden_pickaxe":4,"stat.useItem.minecraft.iron_shovel":156,"stat.pickup.minecraft.double_plant":1,"stat.mineBlock.biomesoplenty.dirt":1,"stat.furnaceInteraction":120,"stat.pickup.srparasites.lurecomponent1":37,"stat.drop.minecraft.red_flower":1,"stat.pickup.minecraft.beef":4,"stat.useItem.minecraft.cooked_mutton":3,"stat.pickup.zawa.large_meat_raw":15,"stat.pickup.minecraft.furnace":13,"stat.craftItem.zawa.bird_meat_cooked":8,"stat.drop.biomesoplenty.planks_0":39,"stat.pickup.biomesoplenty.flower_1":2,"stat.pickup.biomesoplenty.flower_0":5,"stat.pickup.minecraft.iron_chestplate":1,"stat.drop.zawa.fur":2,"stat.useItem.minecraft.stone_stairs":45,"stat.pickup.minecraft.stone_stairs":2,"stat.pickup.minecraft.emerald":1,"stat.useItem.minecraft.dye":23,"stat.deaths":8,"stat.pickup.zawa.fur":6,"stat.pickup.minecraft.egg":6,"stat.playOneMinute":214100,"stat.craftItem.minecraft.iron_pickaxe":4,"stat.pickup.zawa.care_guide":2,"stat.mineBlock.minecraft.tallgrass":12,"stat.craftItem.minecraft.cooked_mutton":3,"stat.chestOpened":31,"stat.craftItem.futuremc.smoker":4,"stat.useItem.minecraft.stone":23,"stat.pickup.minecraft.arrow":27,"stat.pickup.minecraft.iron_sword":4,"stat.craftItem.biomesoplenty.planks_0":372,"stat.craftItem.minecraft.iron_hoe":1,"stat.fallOneCm":155811,"stat.drop.minecraft.stone":69,"stat.useItem.biomesoplenty.fir_door":1,"stat.crouchOneCm":39896,"stat.mineBlock.minecraft.chest":1,"stat.craftItem.minecraft.iron_ingot":88,"stat.craftItem.minecraft.chest":3,"stat.useItem.minecraft.iron_hoe":159,"stat.craftingTableInteraction":94,"stat.pickup.zawa.raw_cichlid":1,"stat.mineBlock.minecraft.log2":12,"stat.drop.minecraft.double_plant":1,"stat.pickup.minecraft.feather":35,"stat.drop.minecraft.bone":1,"stat.useItem.minecraft.furnace":4,"stat.mineBlock.biomesoplenty.plant_1":2,"stat.mineBlock.biomesoplenty.plant_0":17,"stat.pickup.minecraft.dye":54,"stat.pickup.minecraft.planks":66,"stat.pickup.biomesoplenty.plant_1":1,"stat.pickup.minecraft.iron_leggings":1,"stat.pickup.minecraft.wheat_seeds":10,"stat.mineBlock.biomesoplenty.gem_ore":2,"stat.mineBlock.minecraft.gravel":1,"stat.useItem.minecraft.stone_pickaxe":5112,"stat.useItem.minecraft.stone_sword":13,"stat.craftItem.minecraft.iron_leggings":1,"stat.pickup.zawa.bush_meat_raw":7,"stat.mineBlock.minecraft.dirt":182,"stat.drop.minecraft.stick":2,"stat.mineBlock.minecraft.monster_egg":19,"stat.useItem.minecraft.torch":121,"stat.useItem.minecraft.bread":1,"stat.mineBlock.biomesoplenty.leaves_1":28,"stat.drop.minecraft.rotten_flesh":1,"stat.craftItem.minecraft.stone_stairs":52,"stat.pickup.minecraft.crafting_table":3,"stat.useItem.minecraft.cobblestone":1012,"stat.craftItem.minecraft.crafting_table":21,"stat.mineBlock.minecraft.double_plant":4,"stat.craftItem.minecraft.boat":2,"stat.pickup.minecraft.iron_hoe":1,"stat.mineBlock.minecraft.emerald_ore":1,"stat.pickup.minecraft.log":60,"stat.useItem.zawa.bush_meat_cooked":2,"stat.pickup.biomesoplenty.planks_0":88,"stat.craftItem.zawa.large_meat_cooked":15,"stat.drop.zawa.blubber":5,"stat.pickup.minecraft.iron_pickaxe":1,"stat.craftItem.biomesoplenty.boat_pine":1,"stat.drop.minecraft.planks":4,"stat.drop.minecraft.sapling":4,"stat.pickup.minecraft.chicken":3,"stat.pickup.minecraft.sapling":6,"stat.entityKilledBy.Enderman":1,"stat.killEntity.srmonstress.aloe":1,"stat.pickup.minecraft.apple":2,"stat.pickup.minecraft.beetroot":6,"stat.craftItem.minecraft.bucket":1,"stat.craftItem.minecraft.planks":228,"stat.useItem.minecraft.iron_sword":253,"stat.pickup.biomesoplenty.berries":2,"stat.drop.biomesoplenty.flower_0":2,"stat.useItem.spartanweaponry.throwing_axe_iron":46,"stat.mineBlock.minecraft.log":65,"stat.craftItem.minecraft.cooked_chicken":4,"stat.useItem.biomesoplenty.boat_pine":1,"stat.pickup.biomesoplenty.dirt":1,"stat.pickup.minecraft.red_flower":1,"stat.sneakTime":9494,"stat.pickup.minecraft.wool":2,"stat.useItem.minecraft.baked_potato":20,"stat.useItem.minecraft.wooden_axe":19,"stat.pickup.minecraft.stone_slab":6,"stat.useItem.minecraft.beetroot":1,"stat.pickup.minecraft.chest":1,"stat.pickup.minecraft.bone":15,"stat.useItem.minecraft.iron_axe":90,"stat.mineBlock.minecraft.cobblestone":23,"stat.pickup.minecraft.stone_pickaxe":8,"stat.drop.zawa.large_meat_cooked":1,"stat.swimOneCm":26211,"stat.drop.minecraft.cobblestone":788,"stat.useItem.minecraft.dirt":160,"stat.useItem.minecraft.stone_slab2":105,"stat.pickup.minecraft.bow":2,"stat.pickup.zawa.bird_meat":9,"stat.pickup.minecraft.iron_boots":1,"stat.craftItem.minecraft.furnace":20,"stat.craftItem.minecraft.iron_boots":1,"stat.craftItem.minecraft.stone_pickaxe":48,"stat.craftItem.minecraft.cooked_beef":11,"stat.pickup.minecraft.cobblestone":6674,"stat.useItem.zawa.bush_meat_raw":1,"stat.flyOneCm":1091807,"stat.pickup.minecraft.sandstone":5,"stat.drop.minecraft.wheat_seeds":5,"stat.useItem.minecraft.cooked_beef":12,"stat.mineBlock.minecraft.iron_ore":111,"stat.timeSinceDeath":6045,"stat.pickup.minecraft.mutton":6,"stat.pickup.futuremc.smoker":4,"stat.mineBlock.biomesoplenty.log_2":6,"stat.killEntity.Bat":1,"stat.useItem.minecraft.potato":130,"stat.pickup.minecraft.wooden_axe":1,"stat.drop.minecraft.dirt":21,"stat.useItem.minecraft.cooked_porkchop":21,"stat.pickup.minecraft.iron_shovel":2,"stat.mineBlock.minecraft.coal_ore":178,"stat.pickup.minecraft.shield":4,"stat.killEntity.Creeper":2,"stat.pickup.minecraft.wooden_sword":1,"stat.pickup.minecraft.string":6,"stat.entityKilledBy.Skeleton":1,"stat.craftItem.minecraft.stone_slab2":0,"stat.pickup.zawa.blubber":5,"stat.sprintOneCm":750538,"stat.mineBlock.biomesoplenty.flower_1":2,"stat.mineBlock.biomesoplenty.flower_0":2,"stat.mineBlock.biomesoplenty.log_0":92,"stat.craftItem.minecraft.stick":176,"stat.craftItem.minecraft.wooden_axe":3,"stat.mineBlock.biomesoplenty.grass":1,"stat.mineBlock.minecraft.diamond_ore":9,"stat.mineBlock.biomesoplenty.mushroom":1,"stat.mineBlock.minecraft.crafting_table":3,"stat.entityKilledBy.Creeper":1,"stat.mineBlock.minecraft.planks":2,"stat.drop":56,"stat.killEntity.Sheep":1,"stat.killEntity.Zombie":13,"stat.craftItem.minecraft.dye":24,"stat.mineBlock.minecraft.gold_ore":27,"stat.diveOneCm":54692,"stat.pickup.minecraft.wheat":1,"stat.craftItem.minecraft.cooked_porkchop":23,"stat.useItem.minecraft.apple":1,"stat.mineBlock.minecraft.deadbush":1,"stat.useItem.minecraft.rotten_flesh":1,"stat.drop.minecraft.cooked_porkchop":1,"stat.drop.minecraft.sandstone":3,"stat.jump":5792,"stat.pickup.minecraft.coal":276,"stat.pickup.minecraft.iron_ingot":109,"stat.pickup.minecraft.spider_eye":2,"stat.craftItem.minecraft.torch":148,"stat.pickup.minecraft.dirt":271,"stat.craftItem.minecraft.iron_helmet":1,"stat.drop.minecraft.iron_shovel":1,"stat.useItem.minecraft.cooked_chicken":4,"stat.pickup.minecraft.iron_ore":118,"stat.boatOneCm":262275,"stat.pickup.minecraft.gold_ore":73,"stat.mineBlock.minecraft.lapis_ore":7,"stat.pickup.minecraft.iron_axe":1,"stat.mineBlock.minecraft.stone_stairs":2,"stat.damageTaken":6224,"stat.pickup.minecraft.leather":21,"stat.mineBlock.minecraft.torch":5,"stat.mineBlock.minecraft.furnace":5,"stat.mineBlock.minecraft.red_flower":1,"stat.useItem.minecraft.wooden_pickaxe":186,"stat.pickup.srparasites.assimilated_flesh":8,"stat.pickup.minecraft.log2":14,"stat.pickup.minecraft.reeds":80,"stat.drop.biomesoplenty.plant_1":1,"stat.pickup.minecraft.potato":162,"stat.damageDealt":16927,"stat.craftItem.minecraft.baked_potato":26,"stat.killEntity.Pig":11,"stat.craftItem.minecraft.iron_sword":2,"stat.pickup.zawa.rat_raw":3,"stat.craftItem.minecraft.stone_slab":6,"stat.walkOneCm":436127,"stat.pickup.minecraft.stick":10,"stat.pickup.biomesoplenty.sapling_0":6,"stat.pickup.biomesoplenty.sapling_2":1,"stat.mineBlock.biomesoplenty.planks_0":3,"stat.mineBlock.futuremc.smoker":3,"stat.drop.biomesoplenty.sapling_0":3,"stat.mineBlock.zawa.maireana":1,"stat.pickup.minecraft.stone":190,"stat.craftItem.minecraft.iron_chestplate":1,"stat.pickup.minecraft.baked_potato":8,"stat.useItem.zawa.large_meat_cooked":14,"stat.pickup.minecraft.ender_pearl":2,"stat.drop.minecraft.egg":3,"stat.pickup.minecraft.cooked_beef":1,"stat.killEntity.Skeleton":12,"stat.pickup.biomesoplenty.gem":4,"stat.pickup.biomesoplenty.log_0":93,"stat.pickup.biomesoplenty.log_2":6,"stat.killEntity.Chicken":3,"stat.useItem.biomesoplenty.planks_0":119,"stat.useItem.biomesoplenty.sapling_0":1,"stat.craftItem.biomesoplenty.fir_door":3,"stat.killEntity.Spider":3,"stat.mobKills":103,"stat.useItem.minecraft.boat":2,"stat.pickup.minecraft.diamond":18,"stat.mineBlock.minecraft.leaves":56,"stat.pickup.minecraft.beetroot_seeds":11,"stat.pickup.minecraft.torch":8,"stat.drop.minecraft.arrow":9,"stat.mineBlock.minecraft.stone":5944}