{"stat.chestOpened":15,"stat.craftItem.futuremc.smoker":2,"stat.pickup.minecraft.bone":6,"stat.useItem.minecraft.stone":4,"stat.useItem.minecraft.iron_axe":29,"stat.pickup.minecraft.arrow":9,"stat.mineBlock.minecraft.cobblestone":14,"stat.pickup.minecraft.stone_pickaxe":1,"stat.killEntity.betteranimalsplus.goat":2,"stat.craftItem.minecraft.iron_axe":1,"stat.useItem.zawa.bird_meat_cooked":7,"stat.drop.zawa.large_meat_cooked":1,"stat.useItem.minecraft.rotten_flesh":1,"stat.craftItem.biomesoplenty.planks_0":348,"stat.swimOneCm":16873,"stat.jump":2311,"stat.pickup.zawa.worm":1,"stat.pickup.minecraft.coal":114,"stat.craftItem.zawa.bush_meat_cooked":1,"stat.fallOneCm":64273,"stat.useItem.minecraft.planks":4,"stat.craftItem.minecraft.shield":2,"stat.pickup.minecraft.iron_ingot":3,"stat.drop.minecraft.feather":3,"stat.useItem.biomesoplenty.fir_door":1,"stat.crouchOneCm":14473,"stat.craftItem.minecraft.torch":76,"stat.craftItem.minecraft.iron_ingot":37,"stat.craftItem.minecraft.chest":2,"stat.pickup.minecraft.dirt":50,"stat.useItem.minecraft.dirt":7,"stat.useItem.minecraft.stone_slab2":41,"stat.pickup.zawa.bird_meat":9,"stat.useItem.minecraft.cooked_chicken":3,"stat.craftingTableInteraction":48,"stat.pickup.minecraft.iron_ore":94,"stat.pickup.minecraft.sand":1,"stat.craftItem.minecraft.furnace":10,"stat.mineBlock.minecraft.lapis_ore":3,"stat.pickup.zawa.raw_cichlid":1,"stat.damageTaken":1927,"stat.pickup.minecraft.feather":33,"stat.pickup.minecraft.leather":3,"stat.drop.minecraft.bone":1,"stat.craftItem.minecraft.stone_pickaxe":15,"stat.mineBlock.minecraft.torch":3,"stat.useItem.minecraft.wooden_pickaxe":186,"stat.useItem.minecraft.furnace":4,"stat.pickup.minecraft.cobblestone":1431,"stat.pickup.srparasites.assimilated_flesh":2,"stat.mineBlock.biomesoplenty.plant_0":11,"stat.pickup.minecraft.dye":18,"stat.pickup.minecraft.planks":26,"stat.pickup.minecraft.reeds":24,"stat.craftItem.minecraft.stone_sword":1,"stat.flyOneCm":353018,"stat.craftItem.minecraft.iron_shovel":1,"stat.pickup.minecraft.wheat_seeds":3,"stat.mineBlock.minecraft.sand":2,"stat.useItem.minecraft.stone_pickaxe":1185,"stat.useItem.minecraft.stone_sword":13,"stat.craftItem.minecraft.iron_leggings":1,"stat.damageDealt":6322,"stat.pickup.zawa.bush_meat_raw":2,"stat.mineBlock.minecraft.iron_ore":88,"stat.timeSinceDeath":10551,"stat.useItem.minecraft.iron_pickaxe":368,"stat.mineBlock.minecraft.dirt":26,"stat.craftItem.minecraft.wooden_pickaxe":4,"stat.pickup.minecraft.mutton":6,"stat.craftItem.minecraft.iron_sword":1,"stat.pickup.zawa.rat_raw":3,"stat.useItem.minecraft.iron_shovel":5,"stat.pickup.futuremc.smoker":2,"stat.mineBlock.minecraft.monster_egg":19,"stat.mineBlock.biomesoplenty.dirt":1,"stat.walkOneCm":195181,"stat.useItem.minecraft.torch":49,"stat.mineBlock.biomesoplenty.leaves_1":2,"stat.pickup.minecraft.wooden_axe":1,"stat.pickup.minecraft.crafting_table":2,"stat.pickup.biomesoplenty.sapling_0":6,"stat.useItem.minecraft.cobblestone":596,"stat.craftItem.minecraft.crafting_table":12,"stat.furnaceInteraction":50,"stat.mineBlock.minecraft.coal_ore":114,"stat.pickup.srparasites.lurecomponent1":2,"stat.pickup.minecraft.shield":1,"stat.mineBlock.biomesoplenty.planks_0":3,"stat.mineBlock.minecraft.emerald_ore":1,"stat.pickup.minecraft.wooden_sword":1,"stat.pickup.minecraft.log":24,"stat.useItem.zawa.bush_meat_cooked":1,"stat.pickup.biomesoplenty.planks_0":78,"stat.mineBlock.futuremc.smoker":1,"stat.drop.biomesoplenty.sapling_0":3,"stat.craftItem.zawa.large_meat_cooked":4,"stat.drop.zawa.blubber":5,"stat.pickup.minecraft.iron_pickaxe":1,"stat.useItem.minecraft.cooked_mutton":3,"stat.pickup.zawa.large_meat_raw":11,"stat.craftItem.zawa.bird_meat_cooked":7,"stat.entityKilledBy.Skeleton":1,"stat.craftItem.minecraft.stone_slab2":0,"stat.pickup.minecraft.stone":36,"stat.craftItem.minecraft.iron_chestplate":1,"stat.pickup.minecraft.chicken":3,"stat.pickup.zawa.blubber":5,"stat.drop.biomesoplenty.planks_0":39,"stat.pickup.minecraft.sapling":4,"stat.useItem.zawa.large_meat_cooked":3,"stat.pickup.biomesoplenty.flower_1":2,"stat.sprintOneCm":280162,"stat.mineBlock.biomesoplenty.flower_1":2,"stat.entityKilledBy.Enderman":1,"stat.mineBlock.biomesoplenty.flower_0":1,"stat.mineBlock.biomesoplenty.log_0":92,"stat.pickup.minecraft.apple":1,"stat.craftItem.minecraft.stick":72,"stat.craftItem.minecraft.wooden_axe":2,"stat.mineBlock.biomesoplenty.grass":1,"stat.killEntity.Skeleton":4,"stat.pickup.biomesoplenty.log_0":93,"stat.craftItem.minecraft.planks":80,"stat.useItem.minecraft.iron_sword":84,"stat.killEntity.Chicken":3,"stat.useItem.biomesoplenty.planks_0":119,"stat.useItem.biomesoplenty.sapling_0":1,"stat.mineBlock.minecraft.crafting_table":2,"stat.craftItem.biomesoplenty.fir_door":3,"stat.mobKills":36,"stat.pickup.minecraft.emerald":1,"stat.mineBlock.minecraft.log":25,"stat.craftItem.minecraft.cooked_chicken":3,"stat.deaths":5,"stat.drop":14,"stat.pickup.zawa.fur":3,"stat.mineBlock.minecraft.leaves":54,"stat.pickup.minecraft.egg":3,"stat.playOneMinute":83478,"stat.pickup.biomesoplenty.dirt":1,"stat.pickup.minecraft.torch":5,"stat.killEntity.Sheep":1,"stat.sneakTime":4184,"stat.craftItem.minecraft.iron_pickaxe":2,"stat.pickup.minecraft.wool":2,"stat.drop.minecraft.arrow":9,"stat.pickup.zawa.care_guide":2,"stat.useItem.minecraft.wooden_axe":17,"stat.mineBlock.minecraft.stone":1492,"stat.mineBlock.minecraft.tallgrass":6,"stat.craftItem.minecraft.cooked_mutton":3,"stat.diveOneCm":24860}