{"stat.useItem.minecraft.bow":18,"stat.leaveGame":8,"stat.killEntity.betteranimalsplus.goat":4,"stat.craftItem.minecraft.iron_axe":5,"stat.drop.minecraft.redstone":38,"stat.useItem.zawa.bird_meat_cooked":8,"stat.drop.zawa.tranquilizer_gun":2,"stat.mineBlock.minecraft.sandstone":1,"stat.pickup.srparasites.parasitecanister":1,"stat.pickup.zawa.worm":8,"stat.craftItem.zawa.bush_meat_cooked":5,"stat.useItem.minecraft.planks":833,"stat.craftItem.minecraft.shield":2,"stat.drop.minecraft.feather":3,"stat.pickup.minecraft.porkchop":29,"stat.useItem.minecraft.water_bucket":67,"stat.drop.minecraft.iron_sword":4,"stat.pickup.minecraft.rotten_flesh":30,"stat.drop.minecraft.poisonous_potato":3,"stat.drop.biomesoplenty.gem":1,"stat.pickup.minecraft.sand":7,"stat.useItem.sparkshammers.hammer_iron":6000,"stat.pickup.minecraft.cobblestone_wall":24,"stat.craftItem.spartanshields.shield_basic_diamond":1,"stat.pickup.minecraft.bucket":1,"stat.killEntity.Enderman":3,"stat.craftItem.minecraft.cobblestone_wall":24,"stat.craftItem.minecraft.stone_sword":1,"stat.craftItem.minecraft.iron_shovel":1,"stat.pickup.biomesoplenty.mushroom":1,"stat.pickup.minecraft.brown_mushroom":4,"stat.mineBlock.minecraft.sand":5,"stat.killEntity.Witch":1,"stat.drop.minecraft.sand":3,"stat.craftItem.spartanshields.shield_basic_wood":1,"stat.craftItem.nocubessrparmory.pestilentarmorlegs":1,"stat.useItem.minecraft.iron_pickaxe":2611,"stat.craftItem.minecraft.wooden_pickaxe":4,"stat.useItem.minecraft.iron_shovel":250,"stat.pickup.minecraft.double_plant":2,"stat.mineBlock.biomesoplenty.dirt":1,"stat.furnaceInteraction":138,"stat.drop.minecraft.gravel":28,"stat.pickup.srparasites.lurecomponent2":3,"stat.pickup.srparasites.lurecomponent1":75,"stat.drop.minecraft.red_flower":1,"stat.pickup.minecraft.beef":4,"stat.useItem.minecraft.cooked_mutton":3,"stat.pickup.zawa.large_meat_raw":15,"stat.pickup.minecraft.furnace":50,"stat.craftItem.zawa.bird_meat_cooked":8,"stat.pickup.nocubessrparmory.pestilentarmorlegs":2,"stat.drop.biomesoplenty.planks_0":39,"stat.pickup.biomesoplenty.flower_1":2,"stat.pickup.biomesoplenty.flower_0":5,"stat.pickup.minecraft.iron_chestplate":3,"stat.drop.zawa.fur":2,"stat.useItem.minecraft.stone_stairs":143,"stat.pickup.minecraft.stone_stairs":132,"stat.pickup.minecraft.emerald":1,"stat.useItem.minecraft.dye":43,"stat.deaths":12,"stat.pickup.zawa.fur":6,"stat.pickup.minecraft.egg":6,"stat.playOneMinute":494668,"stat.craftItem.minecraft.iron_pickaxe":13,"stat.pickup.zawa.care_guide":2,"stat.pickup.minecraft.iron_bars":16,"stat.mineBlock.minecraft.tallgrass":12,"stat.craftItem.minecraft.cooked_mutton":3,"stat.chestOpened":119,"stat.craftItem.futuremc.smoker":4,"stat.useItem.minecraft.stone":31,"stat.pickup.minecraft.arrow":50,"stat.pickup.minecraft.iron_sword":11,"stat.drop.minecraft.iron_pickaxe":3,"stat.craftItem.biomesoplenty.planks_0":372,"stat.craftItem.minecraft.iron_hoe":2,"stat.fallOneCm":280451,"stat.drop.minecraft.stone":471,"stat.useItem.biomesoplenty.fir_door":1,"stat.crouchOneCm":129272,"stat.mineBlock.minecraft.chest":5,"stat.craftItem.minecraft.iron_ingot":135,"stat.craftItem.minecraft.chest":10,"stat.useItem.minecraft.iron_hoe":218,"stat.craftingTableInteraction":154,"stat.pickup.zawa.raw_cichlid":1,"stat.mineBlock.minecraft.log2":399,"stat.drop.minecraft.double_plant":1,"stat.pickup.minecraft.feather":41,"stat.drop.minecraft.bone":1,"stat.useItem.minecraft.furnace":15,"stat.mineBlock.biomesoplenty.plant_1":2,"stat.mineBlock.biomesoplenty.plant_0":23,"stat.pickup.minecraft.dye":168,"stat.pickup.minecraft.planks":790,"stat.pickup.biomesoplenty.plant_1":1,"stat.pickup.minecraft.iron_leggings":6,"stat.pickup.minecraft.wheat_seeds":10,"stat.mineBlock.biomesoplenty.gem_ore":6,"stat.mineBlock.minecraft.gravel":17,"stat.useItem.minecraft.stone_pickaxe":6679,"stat.useItem.minecraft.stone_sword":13,"stat.craftItem.minecraft.iron_leggings":1,"stat.pickup.zawa.bush_meat_raw":7,"stat.useItem.biomesoplenty.berries":1,"stat.mineBlock.minecraft.dirt":344,"stat.craftItem.nocubessrparmory.pestilentarmorboots":1,"stat.pickup.minecraft.poisonous_potato":3,"stat.drop.minecraft.stick":13,"stat.craftItem.minecraft.leather":24,"stat.drop.minecraft.iron_axe":1,"stat.useItem.minecraft.iron_bars":125,"stat.mineBlock.biomesoplenty.leaves_0":2,"stat.mineBlock.minecraft.monster_egg":19,"stat.useItem.minecraft.torch":252,"stat.useItem.minecraft.bread":12,"stat.mineBlock.biomesoplenty.leaves_1":28,"stat.drop.minecraft.rotten_flesh":17,"stat.pickup.zawa.tranquilizer_gun":2,"stat.craftItem.minecraft.stone_stairs":180,"stat.pickup.minecraft.crafting_table":6,"stat.useItem.minecraft.log":5,"stat.useItem.minecraft.cobblestone":3128,"stat.craftItem.minecraft.crafting_table":28,"stat.mineBlock.minecraft.double_plant":4,"stat.craftItem.minecraft.boat":3,"stat.pickup.minecraft.iron_hoe":7,"stat.mineBlock.minecraft.emerald_ore":1,"stat.pickup.minecraft.log":254,"stat.useItem.zawa.bush_meat_cooked":2,"stat.pickup.biomesoplenty.planks_0":89,"stat.craftItem.zawa.large_meat_cooked":28,"stat.drop.zawa.blubber":5,"stat.pickup.minecraft.iron_pickaxe":7,"stat.craftItem.biomesoplenty.boat_pine":1,"stat.drop.minecraft.iron_ore":64,"stat.craftItem.nocubessrparmory.rawcarbonsteel":2,"stat.useItem.biomesoplenty.persimmon":1,"stat.craftItem.minecraft.gold_ingot":12,"stat.drop.minecraft.planks":9,"stat.drop.minecraft.sapling":4,"stat.pickup.minecraft.chicken":3,"stat.pickup.nocubessrparmory.pestilentarmorboots":2,"stat.pickup.minecraft.sapling":7,"stat.entityKilledBy.Enderman":1,"stat.killEntity.srmonstress.aloe":1,"stat.pickup.minecraft.apple":2,"stat.pickup.minecraft.beetroot":6,"stat.craftItem.minecraft.bucket":1,"stat.craftItem.minecraft.planks":1128,"stat.useItem.minecraft.iron_sword":502,"stat.pickup.biomesoplenty.berries":3,"stat.drop.biomesoplenty.flower_0":2,"stat.useItem.spartanweaponry.throwing_axe_iron":49,"stat.pickup.minecraft.book":165,"stat.mineBlock.minecraft.log":127,"stat.craftItem.minecraft.cooked_chicken":4,"stat.useItem.biomesoplenty.boat_pine":1,"stat.pickup.biomesoplenty.dirt":1,"stat.pickup.minecraft.red_flower":1,"stat.sneakTime":32293,"stat.pickup.minecraft.wool":2,"stat.mineBlock.futuremc.stripped_dark_oak_log":1,"stat.useItem.minecraft.baked_potato":95,"stat.useItem.minecraft.wooden_axe":19,"stat.pickup.minecraft.stone_slab":6,"stat.craftItem.nocubessrparmory.pestilentarmorbody":1,"stat.useItem.minecraft.beetroot":1,"stat.pickup.minecraft.chest":5,"stat.craftItem.minecraft.enchanting_table":1,"stat.drop.minecraft.stone_pickaxe":1,"stat.craftItem.minecraft.diamond_chestplate":1,"stat.pickup.minecraft.bone":30,"stat.craftItem.nocubessrparmory.pestilentarmorhelmet":1,"stat.useItem.minecraft.iron_axe":886,"stat.mineBlock.minecraft.cobblestone":666,"stat.useItem.minecraft.log2":100,"stat.pickup.minecraft.stone_pickaxe":9,"stat.mineBlock.srparasites.gore":10,"stat.drop.zawa.large_meat_cooked":1,"stat.swimOneCm":74870,"stat.climbOneCm":1120,"stat.drop.minecraft.cobblestone":1338,"stat.drop.minecraft.brown_mushroom":4,"stat.pickup.nocubessrparmory.pestilentarmorbody":2,"stat.useItem.minecraft.obsidian":4,"stat.useItem.minecraft.dirt":161,"stat.useItem.minecraft.stone_slab2":188,"stat.pickup.minecraft.bow":9,"stat.pickup.zawa.bird_meat":9,"stat.pickup.minecraft.iron_boots":6,"stat.craftItem.minecraft.furnace":20,"stat.pickup.minecraft.enchanting_table":3,"stat.craftItem.minecraft.iron_boots":1,"stat.useItem.minecraft.iron_ore":1,"stat.craftItem.minecraft.stone_pickaxe":65,"stat.craftItem.minecraft.cooked_beef":11,"stat.mineBlock.minecraft.obsidian":8,"stat.pickup.minecraft.cobblestone":11631,"stat.useItem.zawa.bush_meat_raw":1,"stat.flyOneCm":2260341,"stat.pickup.minecraft.sandstone":5,"stat.killEntity.srmonstress.patrolman":1,"stat.drop.minecraft.wheat_seeds":5,"stat.useItem.minecraft.cooked_beef":12,"stat.pickup.nocubessrparmory.pestilentpart":2,"stat.pickup.minecraft.redstone":324,"stat.mineBlock.minecraft.iron_ore":244,"stat.timeSinceDeath":39900,"stat.pickup.minecraft.mutton":6,"stat.pickup.futuremc.smoker":4,"stat.mineBlock.biomesoplenty.log_2":6,"stat.killEntity.Bat":1,"stat.useItem.minecraft.potato":333,"stat.pickup.minecraft.wooden_axe":1,"stat.drop.minecraft.dirt":81,"stat.useItem.minecraft.cooked_porkchop":30,"stat.pickup.minecraft.iron_shovel":3,"stat.mineBlock.minecraft.coal_ore":377,"stat.pickup.minecraft.shield":9,"stat.killEntity.Creeper":7,"stat.talkedToVillager":6,"stat.pickup.minecraft.wooden_sword":1,"stat.pickup.minecraft.string":12,"stat.pickup.spartanweaponry.material":3,"stat.entityKilledBy.Skeleton":1,"stat.craftItem.minecraft.stone_slab2":0,"stat.pickup.zawa.blubber":5,"stat.sprintOneCm":1570825,"stat.mineBlock.biomesoplenty.flower_1":2,"stat.mineBlock.biomesoplenty.flower_0":2,"stat.mineBlock.biomesoplenty.log_0":92,"stat.craftItem.minecraft.stick":320,"stat.craftItem.minecraft.wooden_axe":3,"stat.mineBlock.biomesoplenty.grass":1,"stat.mineBlock.minecraft.diamond_ore":59,"stat.mineBlock.biomesoplenty.mushroom":1,"stat.craftItem.nocubessrparmory.carbonsteel":2,"stat.mineBlock.minecraft.crafting_table":6,"stat.useItem.minecraft.diamond_pickaxe":1561,"stat.pickup.minecraft.diamond_chestplate":3,"stat.entityKilledBy.Creeper":1,"stat.mineBlock.minecraft.planks":317,"stat.drop":154,"stat.killEntity.Sheep":1,"stat.drop.minecraft.iron_boots":2,"stat.craftItem.minecraft.diamond_pickaxe":1,"stat.killEntity.Zombie":25,"stat.craftItem.minecraft.dye":48,"stat.drop.minecraft.bread":8,"stat.mineBlock.minecraft.gold_ore":81,"stat.diveOneCm":154722,"stat.pickup.minecraft.wheat":1,"stat.pickup.minecraft.gravel":30,"stat.craftItem.minecraft.cooked_porkchop":23,"stat.useItem.minecraft.apple":1,"stat.mineBlock.minecraft.deadbush":1,"stat.pickup.minecraft.obsidian":8,"stat.useItem.minecraft.rotten_flesh":1,"stat.drop.minecraft.cooked_porkchop":7,"stat.drop.spartanweaponry.javelin_stone":2,"stat.drop.minecraft.sandstone":3,"stat.jump":10957,"stat.pickup.minecraft.coal":533,"stat.pickup.minecraft.iron_helmet":4,"stat.pickup.minecraft.iron_ingot":242,"stat.pickup.minecraft.gunpowder":3,"stat.pickup.minecraft.spider_eye":2,"stat.craftItem.minecraft.torch":268,"stat.pickup.minecraft.dirt":491,"stat.craftItem.minecraft.iron_helmet":2,"stat.drop.minecraft.iron_shovel":1,"stat.useItem.minecraft.cooked_chicken":4,"stat.pickup.minecraft.iron_ore":298,"stat.boatOneCm":262275,"stat.pickup.minecraft.gold_ore":148,"stat.mineBlock.minecraft.iron_bars":19,"stat.mineBlock.minecraft.lapis_ore":14,"stat.pickup.nocubessrparmory.pestilentarmorhelmet":2,"stat.pickup.minecraft.iron_axe":10,"stat.mineBlock.minecraft.glass_pane":2,"stat.mineBlock.minecraft.stone_stairs":39,"stat.drop.zawa.worm":6,"stat.damageTaken":11162,"stat.pickup.minecraft.leather":69,"stat.drop.minecraft.iron_hoe":1,"stat.craftItem.minecraft.iron_bars":128,"stat.mineBlock.minecraft.torch":18,"stat.mineBlock.minecraft.furnace":7,"stat.mineBlock.minecraft.red_flower":1,"stat.useItem.minecraft.wooden_pickaxe":186,"stat.pickup.srparasites.assimilated_flesh":32,"stat.pickup.minecraft.log2":576,"stat.pickup.minecraft.reeds":107,"stat.drop.spartanweaponry.material":3,"stat.drop.biomesoplenty.plant_1":1,"stat.pickup.minecraft.potato":454,"stat.damageDealt":28325,"stat.sleepInBed":1,"stat.craftItem.minecraft.baked_potato":102,"stat.killEntity.Pig":11,"stat.craftItem.minecraft.iron_sword":2,"stat.pickup.zawa.rat_raw":3,"stat.craftItem.minecraft.stone_slab":6,"stat.pickup.minecraft.boat":1,"stat.walkOneCm":1215636,"stat.playerKills":1,"stat.useItem.minecraft.chest":4,"stat.pickup.minecraft.stick":46,"stat.pickup.minecraft.diamond_pickaxe":1,"stat.pickup.biomesoplenty.sapling_0":6,"stat.pickup.biomesoplenty.sapling_2":1,"stat.pickup.sparkshammers.hammer_craft":1,"stat.useItem.minecraft.lava_bucket":4,"stat.mineBlock.biomesoplenty.planks_0":3,"stat.mineBlock.futuremc.smoker":3,"stat.drop.biomesoplenty.sapling_0":3,"stat.mineBlock.zawa.maireana":1,"stat.drop.minecraft.iron_chestplate":1,"stat.pickup.minecraft.stone":971,"stat.craftItem.minecraft.iron_chestplate":1,"stat.pickup.minecraft.baked_potato":62,"stat.useItem.zawa.large_meat_cooked":27,"stat.pickup.minecraft.ender_pearl":3,"stat.drop.minecraft.egg":3,"stat.pickup.minecraft.cooked_beef":1,"stat.killEntity.Skeleton":26,"stat.pickup.biomesoplenty.gem":26,"stat.pickup.biomesoplenty.log_0":93,"stat.pickup.biomesoplenty.log_2":6,"stat.killEntity.Chicken":3,"stat.mineBlock.srparasites.infestremain":1,"stat.useItem.biomesoplenty.planks_0":119,"stat.useItem.biomesoplenty.sapling_0":1,"stat.craftItem.biomesoplenty.fir_door":3,"stat.killEntity.Spider":6,"stat.pickup.minecraft.bread":19,"stat.craftItem.nocubessrparmory.pestilentpart":34,"stat.mobKills":179,"stat.mineBlock.minecraft.bookshelf":14,"stat.useItem.minecraft.boat":3,"stat.pickup.minecraft.water_bucket":4,"stat.useItem.minecraft.cobblestone_wall":23,"stat.pickup.minecraft.diamond":212,"stat.mineBlock.minecraft.leaves":58,"stat.pickup.minecraft.beetroot_seeds":11,"stat.pickup.minecraft.torch":82,"stat.mineBlock.srparasites.parasitecanister":2,"stat.mineBlock.minecraft.redstone_ore":37,"stat.drop.minecraft.arrow":11,"stat.mineBlock.minecraft.stone":15470}