{"stat.leaveGame":2,"stat.killEntity.betteranimalsplus.goat":4,"stat.craftItem.minecraft.iron_axe":1,"stat.useItem.zawa.bird_meat_cooked":8,"stat.mineBlock.minecraft.sandstone":1,"stat.pickup.zawa.worm":2,"stat.craftItem.zawa.bush_meat_cooked":5,"stat.useItem.minecraft.planks":10,"stat.craftItem.minecraft.shield":2,"stat.drop.minecraft.feather":3,"stat.pickup.minecraft.porkchop":29,"stat.useItem.minecraft.water_bucket":7,"stat.drop.minecraft.iron_sword":1,"stat.pickup.minecraft.rotten_flesh":7,"stat.pickup.minecraft.sand":7,"stat.pickup.minecraft.bucket":1,"stat.killEntity.Enderman":1,"stat.craftItem.minecraft.stone_sword":1,"stat.craftItem.minecraft.iron_shovel":1,"stat.mineBlock.minecraft.sand":5,"stat.killEntity.Witch":1,"stat.drop.minecraft.sand":3,"stat.useItem.minecraft.iron_pickaxe":1269,"stat.craftItem.minecraft.wooden_pickaxe":4,"stat.useItem.minecraft.iron_shovel":156,"stat.pickup.minecraft.double_plant":1,"stat.mineBlock.biomesoplenty.dirt":1,"stat.furnaceInteraction":120,"stat.pickup.srparasites.lurecomponent1":67,"stat.drop.minecraft.red_flower":1,"stat.pickup.minecraft.beef":4,"stat.useItem.minecraft.cooked_mutton":3,"stat.pickup.zawa.large_meat_raw":15,"stat.pickup.minecraft.furnace":21,"stat.craftItem.zawa.bird_meat_cooked":8,"stat.drop.biomesoplenty.planks_0":39,"stat.pickup.biomesoplenty.flower_1":2,"stat.pickup.biomesoplenty.flower_0":5,"stat.pickup.minecraft.iron_chestplate":2,"stat.drop.zawa.fur":2,"stat.useItem.minecraft.stone_stairs":45,"stat.pickup.minecraft.stone_stairs":2,"stat.pickup.minecraft.emerald":1,"stat.useItem.minecraft.dye":23,"stat.deaths":9,"stat.pickup.zawa.fur":6,"stat.pickup.minecraft.egg":6,"stat.playOneMinute":238400,"stat.craftItem.minecraft.iron_pickaxe":7,"stat.pickup.zawa.care_guide":2,"stat.mineBlock.minecraft.tallgrass":12,"stat.craftItem.minecraft.cooked_mutton":3,"stat.chestOpened":31,"stat.craftItem.futuremc.smoker":4,"stat.useItem.minecraft.stone":23,"stat.pickup.minecraft.arrow":34,"stat.pickup.minecraft.iron_sword":6,"stat.drop.minecraft.iron_pickaxe":1,"stat.craftItem.biomesoplenty.planks_0":372,"stat.craftItem.minecraft.iron_hoe":1,"stat.fallOneCm":158319,"stat.drop.minecraft.stone":76,"stat.useItem.biomesoplenty.fir_door":1,"stat.crouchOneCm":48403,"stat.mineBlock.minecraft.chest":1,"stat.craftItem.minecraft.iron_ingot":88,"stat.craftItem.minecraft.chest":3,"stat.useItem.minecraft.iron_hoe":159,"stat.craftingTableInteraction":100,"stat.pickup.zawa.raw_cichlid":1,"stat.mineBlock.minecraft.log2":12,"stat.drop.minecraft.double_plant":1,"stat.pickup.minecraft.feather":37,"stat.drop.minecraft.bone":1,"stat.useItem.minecraft.furnace":4,"stat.mineBlock.biomesoplenty.plant_1":2,"stat.mineBlock.biomesoplenty.plant_0":17,"stat.pickup.minecraft.dye":110,"stat.pickup.minecraft.planks":92,"stat.pickup.biomesoplenty.plant_1":1,"stat.pickup.minecraft.iron_leggings":2,"stat.pickup.minecraft.wheat_seeds":10,"stat.mineBlock.biomesoplenty.gem_ore":2,"stat.mineBlock.minecraft.gravel":3,"stat.useItem.minecraft.stone_pickaxe":5893,"stat.useItem.minecraft.stone_sword":13,"stat.craftItem.minecraft.iron_leggings":1,"stat.pickup.zawa.bush_meat_raw":7,"stat.useItem.biomesoplenty.berries":1,"stat.mineBlock.minecraft.dirt":184,"stat.drop.minecraft.stick":7,"stat.mineBlock.minecraft.monster_egg":19,"stat.useItem.minecraft.torch":139,"stat.useItem.minecraft.bread":1,"stat.mineBlock.biomesoplenty.leaves_1":28,"stat.drop.minecraft.rotten_flesh":1,"stat.craftItem.minecraft.stone_stairs":52,"stat.pickup.minecraft.crafting_table":4,"stat.useItem.minecraft.cobblestone":1068,"stat.craftItem.minecraft.crafting_table":23,"stat.mineBlock.minecraft.double_plant":4,"stat.craftItem.minecraft.boat":2,"stat.pickup.minecraft.iron_hoe":2,"stat.mineBlock.minecraft.emerald_ore":1,"stat.pickup.minecraft.log":60,"stat.useItem.zawa.bush_meat_cooked":2,"stat.pickup.biomesoplenty.planks_0":89,"stat.craftItem.zawa.large_meat_cooked":15,"stat.drop.zawa.blubber":5,"stat.pickup.minecraft.iron_pickaxe":3,"stat.craftItem.biomesoplenty.boat_pine":1,"stat.drop.minecraft.planks":4,"stat.drop.minecraft.sapling":4,"stat.pickup.minecraft.chicken":3,"stat.pickup.minecraft.sapling":6,"stat.entityKilledBy.Enderman":1,"stat.killEntity.srmonstress.aloe":1,"stat.pickup.minecraft.apple":2,"stat.pickup.minecraft.beetroot":6,"stat.craftItem.minecraft.bucket":1,"stat.craftItem.minecraft.planks":236,"stat.useItem.minecraft.iron_sword":298,"stat.pickup.biomesoplenty.berries":2,"stat.drop.biomesoplenty.flower_0":2,"stat.useItem.spartanweaponry.throwing_axe_iron":49,"stat.mineBlock.minecraft.log":65,"stat.craftItem.minecraft.cooked_chicken":4,"stat.useItem.biomesoplenty.boat_pine":1,"stat.pickup.biomesoplenty.dirt":1,"stat.pickup.minecraft.red_flower":1,"stat.sneakTime":12001,"stat.pickup.minecraft.wool":2,"stat.useItem.minecraft.baked_potato":26,"stat.useItem.minecraft.wooden_axe":19,"stat.pickup.minecraft.stone_slab":6,"stat.useItem.minecraft.beetroot":1,"stat.pickup.minecraft.chest":1,"stat.pickup.minecraft.bone":16,"stat.useItem.minecraft.iron_axe":91,"stat.mineBlock.minecraft.cobblestone":30,"stat.pickup.minecraft.stone_pickaxe":9,"stat.mineBlock.srparasites.gore":1,"stat.drop.zawa.large_meat_cooked":1,"stat.swimOneCm":30320,"stat.drop.minecraft.cobblestone":933,"stat.useItem.minecraft.dirt":160,"stat.useItem.minecraft.stone_slab2":114,"stat.pickup.minecraft.bow":4,"stat.pickup.zawa.bird_meat":9,"stat.pickup.minecraft.iron_boots":2,"stat.craftItem.minecraft.furnace":20,"stat.craftItem.minecraft.iron_boots":1,"stat.useItem.minecraft.iron_ore":1,"stat.craftItem.minecraft.stone_pickaxe":52,"stat.craftItem.minecraft.cooked_beef":11,"stat.pickup.minecraft.cobblestone":7886,"stat.useItem.zawa.bush_meat_raw":1,"stat.flyOneCm":1417012,"stat.pickup.minecraft.sandstone":5,"stat.drop.minecraft.wheat_seeds":5,"stat.useItem.minecraft.cooked_beef":12,"stat.pickup.minecraft.redstone":5,"stat.mineBlock.minecraft.iron_ore":115,"stat.timeSinceDeath":8926,"stat.pickup.minecraft.mutton":6,"stat.pickup.futuremc.smoker":4,"stat.mineBlock.biomesoplenty.log_2":6,"stat.killEntity.Bat":1,"stat.useItem.minecraft.potato":132,"stat.pickup.minecraft.wooden_axe":1,"stat.drop.minecraft.dirt":21,"stat.useItem.minecraft.cooked_porkchop":24,"stat.pickup.minecraft.iron_shovel":3,"stat.mineBlock.minecraft.coal_ore":244,"stat.pickup.minecraft.shield":6,"stat.killEntity.Creeper":2,"stat.pickup.minecraft.wooden_sword":1,"stat.pickup.minecraft.string":6,"stat.entityKilledBy.Skeleton":1,"stat.craftItem.minecraft.stone_slab2":0,"stat.pickup.zawa.blubber":5,"stat.sprintOneCm":784843,"stat.mineBlock.biomesoplenty.flower_1":2,"stat.mineBlock.biomesoplenty.flower_0":2,"stat.mineBlock.biomesoplenty.log_0":92,"stat.craftItem.minecraft.stick":208,"stat.craftItem.minecraft.wooden_axe":3,"stat.mineBlock.biomesoplenty.grass":1,"stat.mineBlock.minecraft.diamond_ore":9,"stat.mineBlock.biomesoplenty.mushroom":1,"stat.mineBlock.minecraft.crafting_table":4,"stat.useItem.minecraft.diamond_pickaxe":148,"stat.entityKilledBy.Creeper":1,"stat.mineBlock.minecraft.planks":2,"stat.drop":70,"stat.killEntity.Sheep":1,"stat.craftItem.minecraft.diamond_pickaxe":1,"stat.killEntity.Zombie":13,"stat.craftItem.minecraft.dye":24,"stat.mineBlock.minecraft.gold_ore":27,"stat.diveOneCm":55674,"stat.pickup.minecraft.wheat":1,"stat.pickup.minecraft.gravel":2,"stat.craftItem.minecraft.cooked_porkchop":23,"stat.useItem.minecraft.apple":1,"stat.mineBlock.minecraft.deadbush":1,"stat.useItem.minecraft.rotten_flesh":1,"stat.drop.minecraft.cooked_porkchop":3,"stat.drop.minecraft.sandstone":3,"stat.jump":5997,"stat.pickup.minecraft.coal":398,"stat.pickup.minecraft.iron_helmet":1,"stat.pickup.minecraft.iron_ingot":121,"stat.pickup.minecraft.spider_eye":2,"stat.craftItem.minecraft.torch":180,"stat.pickup.minecraft.dirt":273,"stat.craftItem.minecraft.iron_helmet":2,"stat.drop.minecraft.iron_shovel":1,"stat.useItem.minecraft.cooked_chicken":4,"stat.pickup.minecraft.iron_ore":147,"stat.boatOneCm":262275,"stat.pickup.minecraft.gold_ore":100,"stat.mineBlock.minecraft.lapis_ore":10,"stat.pickup.minecraft.iron_axe":2,"stat.mineBlock.minecraft.stone_stairs":2,"stat.damageTaken":6711,"stat.pickup.minecraft.leather":21,"stat.mineBlock.minecraft.torch":5,"stat.mineBlock.minecraft.furnace":5,"stat.mineBlock.minecraft.red_flower":1,"stat.useItem.minecraft.wooden_pickaxe":186,"stat.pickup.srparasites.assimilated_flesh":11,"stat.pickup.minecraft.log2":14,"stat.pickup.minecraft.reeds":107,"stat.drop.biomesoplenty.plant_1":1,"stat.pickup.minecraft.potato":162,"stat.damageDealt":18793,"stat.craftItem.minecraft.baked_potato":26,"stat.killEntity.Pig":11,"stat.craftItem.minecraft.iron_sword":2,"stat.pickup.zawa.rat_raw":3,"stat.craftItem.minecraft.stone_slab":6,"stat.walkOneCm":477148,"stat.playerKills":1,"stat.pickup.minecraft.stick":14,"stat.pickup.minecraft.diamond_pickaxe":1,"stat.pickup.biomesoplenty.sapling_0":6,"stat.pickup.biomesoplenty.sapling_2":1,"stat.mineBlock.biomesoplenty.planks_0":3,"stat.mineBlock.futuremc.smoker":3,"stat.drop.biomesoplenty.sapling_0":3,"stat.mineBlock.zawa.maireana":1,"stat.pickup.minecraft.stone":214,"stat.craftItem.minecraft.iron_chestplate":1,"stat.pickup.minecraft.baked_potato":8,"stat.useItem.zawa.large_meat_cooked":14,"stat.pickup.minecraft.ender_pearl":3,"stat.drop.minecraft.egg":3,"stat.pickup.minecraft.cooked_beef":1,"stat.killEntity.Skeleton":13,"stat.pickup.biomesoplenty.gem":6,"stat.pickup.biomesoplenty.log_0":93,"stat.pickup.biomesoplenty.log_2":6,"stat.killEntity.Chicken":3,"stat.mineBlock.srparasites.infestremain":1,"stat.useItem.biomesoplenty.planks_0":119,"stat.useItem.biomesoplenty.sapling_0":1,"stat.craftItem.biomesoplenty.fir_door":3,"stat.killEntity.Spider":3,"stat.mobKills":117,"stat.useItem.minecraft.boat":2,"stat.pickup.minecraft.water_bucket":1,"stat.pickup.minecraft.diamond":24,"stat.mineBlock.minecraft.leaves":56,"stat.pickup.minecraft.beetroot_seeds":11,"stat.pickup.minecraft.torch":26,"stat.drop.minecraft.arrow":9,"stat.mineBlock.minecraft.stone":7047}