{"stat.useItem.minecraft.bow":21,"stat.leaveGame":10,"stat.killEntity.betteranimalsplus.goat":4,"stat.drop.minecraft.redstone":38,"stat.useItem.zawa.bird_meat_cooked":8,"stat.mineBlock.minecraft.sandstone":1,"stat.pickup.zawa.worm":8,"stat.craftItem.minecraft.shield":2,"stat.drop.minecraft.feather":3,"stat.drop.minecraft.iron_sword":4,"stat.pickup.minecraft.rotten_flesh":49,"stat.drop.biomesoplenty.gem":1,"stat.pickup.minecraft.cobblestone_wall":24,"stat.craftItem.spartanshields.shield_basic_diamond":1,"stat.pickup.minecraft.bucket":1,"stat.killEntity.Enderman":3,"stat.craftItem.minecraft.iron_shovel":1,"stat.pickup.biomesoplenty.mushroom":1,"stat.pickup.minecraft.brown_mushroom":4,"stat.killEntity.Witch":1,"stat.drop.minecraft.sand":3,"stat.craftItem.nocubessrparmory.pestilentarmorlegs":1,"stat.useItem.minecraft.iron_pickaxe":2703,"stat.craftItem.minecraft.wooden_pickaxe":4,"stat.useItem.minecraft.iron_shovel":250,"stat.pickup.minecraft.double_plant":4,"stat.furnaceInteraction":147,"stat.drop.minecraft.gravel":28,"stat.drop.minecraft.red_flower":1,"stat.pickup.minecraft.beef":4,"stat.pickup.zawa.large_meat_raw":15,"stat.craftItem.zawa.bird_meat_cooked":8,"stat.pickup.spartanshields.shield_basic_diamond":2,"stat.pickup.nocubessrparmory.pestilentarmorlegs":4,"stat.pickup.biomesoplenty.flower_1":2,"stat.pickup.biomesoplenty.flower_0":5,"stat.pickup.minecraft.emerald":1,"stat.useItem.minecraft.dye":43,"stat.deaths":15,"stat.pickup.zawa.fur":6,"stat.pickup.minecraft.egg":6,"stat.craftItem.minecraft.iron_pickaxe":13,"stat.pickup.zawa.care_guide":2,"stat.mineBlock.minecraft.tallgrass":13,"stat.craftItem.minecraft.cooked_mutton":3,"stat.chestOpened":173,"stat.drop.srparasites.lurecomponent2":1,"stat.useItem.minecraft.stone":37,"stat.pickup.minecraft.arrow":70,"stat.pickup.minecraft.iron_sword":11,"stat.drop.minecraft.iron_pickaxe":4,"stat.pickup.minecraft.carrot":1,"stat.useItem.biomesoplenty.fir_door":1,"stat.crouchOneCm":177550,"stat.mineBlock.minecraft.chest":31,"stat.craftItem.minecraft.iron_ingot":138,"stat.craftingTableInteraction":169,"stat.pickup.zawa.raw_cichlid":1,"stat.mineBlock.minecraft.log2":399,"stat.drop.minecraft.double_plant":2,"stat.mineBlock.biomesoplenty.plant_1":2,"stat.mineBlock.biomesoplenty.plant_0":24,"stat.pickup.minecraft.dye":192,"stat.pickup.minecraft.planks":1059,"stat.pickup.biomesoplenty.plant_1":1,"stat.pickup.minecraft.wheat_seeds":10,"stat.mineBlock.biomesoplenty.gem_ore":6,"stat.pickup.zawa.bush_meat_raw":7,"stat.mineBlock.minecraft.dirt":352,"stat.craftItem.nocubessrparmory.pestilentarmorboots":1,"stat.pickup.minecraft.poisonous_potato":5,"stat.mineBlock.biomesoplenty.leaves_0":2,"stat.useItem.minecraft.bread":12,"stat.mineBlock.biomesoplenty.leaves_1":28,"stat.drop.minecraft.rotten_flesh":26,"stat.useItem.minecraft.cobblestone":3454,"stat.pickup.zawa.iron_wall_lamp":1,"stat.mineBlock.minecraft.double_plant":4,"stat.pickup.minecraft.iron_pickaxe":8,"stat.craftItem.biomesoplenty.boat_pine":1,"stat.drop.minecraft.iron_ore":64,"stat.craftItem.nocubessrparmory.rawcarbonsteel":3,"stat.craftItem.minecraft.gold_ingot":12,"stat.drop.minecraft.sapling":4,"stat.pickup.minecraft.chicken":3,"stat.pickup.minecraft.apple":2,"stat.craftItem.minecraft.bucket":1,"stat.craftItem.minecraft.planks":1784,"stat.useItem.minecraft.iron_sword":502,"stat.itemEnchanted":1,"stat.pickup.biomesoplenty.berries":3,"stat.drop.biomesoplenty.flower_0":2,"stat.useItem.spartanweaponry.throwing_axe_iron":49,"stat.pickup.minecraft.book":165,"stat.mineBlock.minecraft.log":127,"stat.craftItem.minecraft.paper":18,"stat.pickup.biomesoplenty.dirt":1,"stat.pickup.minecraft.red_flower":1,"stat.pickup.minecraft.wool":2,"stat.useItem.minecraft.wooden_axe":19,"stat.craftItem.nocubessrparmory.pestilentarmorbody":1,"stat.craftItem.nocubessrparmory.pestilentarmorhelmet":1,"stat.useItem.minecraft.iron_axe":943,"stat.mineBlock.minecraft.cobblestone":737,"stat.pickup.minecraft.stone_pickaxe":9,"stat.pickup.minecraft.flint":3,"stat.mineBlock.srparasites.gore":23,"stat.drop.zawa.large_meat_cooked":1,"stat.drop.minecraft.cobblestone":1392,"stat.useItem.minecraft.obsidian":4,"stat.useItem.minecraft.stone_slab2":215,"stat.pickup.minecraft.bow":9,"stat.pickup.minecraft.iron_boots":6,"stat.craftItem.minecraft.furnace":20,"stat.craftItem.minecraft.iron_boots":1,"stat.craftItem.minecraft.cooked_beef":11,"stat.mineBlock.minecraft.obsidian":8,"stat.useItem.zawa.bush_meat_raw":1,"stat.flyOneCm":2507149,"stat.pickup.minecraft.sandstone":5,"stat.timeSinceDeath":732,"stat.pickup.futuremc.smoker":4,"stat.killEntity.Bat":1,"stat.useItem.minecraft.potato":431,"stat.mineBlock.minecraft.coal_ore":382,"stat.pickup.minecraft.shield":9,"stat.killEntity.Creeper":10,"stat.talkedToVillager":6,"stat.pickup.minecraft.wooden_sword":1,"stat.pickup.minecraft.string":21,"stat.entityKilledBy.Skeleton":1,"stat.sprintOneCm":1903988,"stat.mineBlock.biomesoplenty.flower_1":2,"stat.mineBlock.biomesoplenty.flower_0":2,"stat.craftItem.minecraft.wooden_axe":3,"stat.mineBlock.biomesoplenty.grass":1,"stat.mineBlock.minecraft.diamond_ore":59,"stat.mineBlock.biomesoplenty.mushroom":1,"stat.craftItem.nocubessrparmory.pestilentknife":1,"stat.killEntity.Zombie":33,"stat.craftItem.minecraft.dye":48,"stat.craftItem.minecraft.diamond_axe":1,"stat.mineBlock.minecraft.gold_ore":81,"stat.diveOneCm":181231,"stat.pickup.minecraft.wheat":1,"stat.craftItem.minecraft.cooked_porkchop":23,"stat.pickup.minecraft.obsidian":8,"stat.useItem.minecraft.rotten_flesh":6,"stat.drop.minecraft.sandstone":3,"stat.jump":12289,"stat.pickup.minecraft.coal":592,"stat.pickup.minecraft.iron_ingot":242,"stat.pickup.minecraft.gunpowder":17,"stat.craftItem.minecraft.torch":268,"stat.pickup.minecraft.dirt":505,"stat.drop.minecraft.iron_shovel":1,"stat.pickup.minecraft.gold_ore":148,"stat.mineBlock.minecraft.lapis_ore":14,"stat.pickup.minecraft.iron_axe":12,"stat.mineBlock.minecraft.glass_pane":2,"stat.damageTaken":14926,"stat.mineBlock.minecraft.torch":23,"stat.mineBlock.minecraft.red_flower":1,"stat.pickup.srparasites.assimilated_flesh":66,"stat.pickup.minecraft.log2":576,"stat.drop.spartanweaponry.material":3,"stat.drop.biomesoplenty.plant_1":1,"stat.pickup.minecraft.potato":629,"stat.pickup.minecraft.diamond_axe":1,"stat.craftItem.minecraft.stone_slab":6,"stat.useItem.minecraft.chest":46,"stat.pickup.minecraft.diamond_pickaxe":2,"stat.pickup.sparkshammers.hammer_craft":1,"stat.useItem.minecraft.lava_bucket":4,"stat.mineBlock.biomesoplenty.planks_0":3,"stat.mineBlock.futuremc.smoker":3,"stat.drop.biomesoplenty.sapling_0":3,"stat.craftItem.minecraft.iron_chestplate":1,"stat.pickup.minecraft.baked_potato":82,"stat.useItem.zawa.large_meat_cooked":27,"stat.pickup.minecraft.ender_pearl":3,"stat.drop.minecraft.egg":3,"stat.pickup.minecraft.cooked_beef":1,"stat.drop.srparasites.assimilated_flesh":6,"stat.pickup.biomesoplenty.gem":28,"stat.craftItem.minecraft.bookshelf":15,"stat.craftItem.biomesoplenty.fir_door":3,"stat.mobKills":219,"stat.mineBlock.minecraft.bookshelf":14,"stat.useItem.minecraft.boat":3,"stat.useItem.minecraft.cobblestone_wall":23,"stat.pickup.minecraft.diamond":248,"stat.pickup.minecraft.beetroot_seeds":11,"stat.pickup.minecraft.torch":87,"stat.drop.minecraft.arrow":11,"stat.useItem.minecraft.bookshelf":14,"stat.craftItem.minecraft.iron_axe":5,"stat.drop.zawa.tranquilizer_gun":2,"stat.pickup.srparasites.parasitecanister":4,"stat.craftItem.zawa.bush_meat_cooked":5,"stat.useItem.minecraft.planks":1289,"stat.pickup.minecraft.porkchop":29,"stat.useItem.minecraft.water_bucket":75,"stat.drop.minecraft.poisonous_potato":3,"stat.pickup.minecraft.sand":7,"stat.useItem.sparkshammers.hammer_iron":6000,"stat.craftItem.minecraft.cobblestone_wall":24,"stat.pickup.nocubessrparmory.pestilentknife":3,"stat.craftItem.minecraft.stone_sword":1,"stat.mineBlock.minecraft.sand":5,"stat.craftItem.spartanshields.shield_basic_wood":1,"stat.mineBlock.biomesoplenty.dirt":1,"stat.pickup.srparasites.lurecomponent2":4,"stat.pickup.srparasites.lurecomponent1":79,"stat.pickup.srparasites.lurecomponent4":1,"stat.useItem.minecraft.cooked_mutton":3,"stat.pickup.minecraft.furnace":53,"stat.drop.biomesoplenty.planks_0":39,"stat.pickup.minecraft.iron_chestplate":3,"stat.drop.zawa.fur":2,"stat.useItem.minecraft.stone_stairs":256,"stat.pickup.minecraft.stone_stairs":234,"stat.playOneMinute":585982,"stat.drop.minecraft.string":3,"stat.drop.minecraft.chest":1,"stat.pickup.minecraft.iron_bars":71,"stat.craftItem.futuremc.smoker":4,"stat.craftItem.biomesoplenty.planks_0":372,"stat.craftItem.minecraft.iron_hoe":2,"stat.fallOneCm":316386,"stat.drop.minecraft.stone":478,"stat.craftItem.minecraft.chest":26,"stat.useItem.minecraft.iron_hoe":218,"stat.pickup.minecraft.feather":41,"stat.drop.minecraft.iron_leggings":1,"stat.drop.minecraft.bone":11,"stat.useItem.minecraft.furnace":19,"stat.pickup.minecraft.iron_leggings":7,"stat.mineBlock.minecraft.gravel":19,"stat.useItem.minecraft.stone_pickaxe":6679,"stat.useItem.minecraft.stone_sword":13,"stat.craftItem.minecraft.iron_leggings":1,"stat.useItem.biomesoplenty.berries":1,"stat.drop.minecraft.stick":13,"stat.craftItem.minecraft.leather":24,"stat.drop.minecraft.iron_axe":3,"stat.useItem.minecraft.iron_bars":125,"stat.mineBlock.minecraft.monster_egg":19,"stat.useItem.minecraft.torch":255,"stat.pickup.zawa.tranquilizer_gun":2,"stat.craftItem.minecraft.stone_stairs":188,"stat.pickup.minecraft.crafting_table":6,"stat.useItem.minecraft.log":5,"stat.craftItem.minecraft.crafting_table":28,"stat.craftItem.minecraft.boat":3,"stat.pickup.minecraft.iron_hoe":8,"stat.mineBlock.minecraft.emerald_ore":1,"stat.pickup.minecraft.log":254,"stat.useItem.zawa.bush_meat_cooked":2,"stat.pickup.biomesoplenty.planks_0":89,"stat.craftItem.zawa.large_meat_cooked":28,"stat.drop.zawa.blubber":5,"stat.useItem.biomesoplenty.persimmon":1,"stat.drop.minecraft.planks":9,"stat.pickup.nocubessrparmory.pestilentarmorboots":3,"stat.pickup.minecraft.sapling":7,"stat.entityKilledBy.Enderman":1,"stat.killEntity.srmonstress.aloe":1,"stat.pickup.srparasites.bone":4,"stat.pickup.minecraft.beetroot":6,"stat.craftItem.minecraft.cooked_chicken":4,"stat.useItem.biomesoplenty.boat_pine":1,"stat.sneakTime":45425,"stat.mineBlock.futuremc.stripped_dark_oak_log":1,"stat.useItem.minecraft.baked_potato":154,"stat.pickup.minecraft.stone_slab":6,"stat.useItem.minecraft.beetroot":1,"stat.pickup.minecraft.chest":32,"stat.craftItem.minecraft.enchanting_table":1,"stat.drop.minecraft.stone_pickaxe":1,"stat.craftItem.minecraft.diamond_chestplate":1,"stat.pickup.minecraft.bone":49,"stat.useItem.minecraft.log2":100,"stat.swimOneCm":76904,"stat.climbOneCm":1120,"stat.drop.minecraft.brown_mushroom":4,"stat.pickup.nocubessrparmory.pestilentarmorbody":4,"stat.useItem.minecraft.dirt":161,"stat.pickup.zawa.bird_meat":9,"stat.pickup.minecraft.enchanting_table":3,"stat.useItem.minecraft.iron_ore":1,"stat.craftItem.minecraft.stone_pickaxe":65,"stat.pickup.minecraft.cobblestone":11985,"stat.killEntity.srmonstress.patrolman":1,"stat.drop.minecraft.wheat_seeds":5,"stat.useItem.minecraft.cooked_beef":12,"stat.pickup.nocubessrparmory.pestilentpart":4,"stat.pickup.minecraft.redstone":452,"stat.mineBlock.minecraft.iron_ore":250,"stat.craftItem.minecraft.book":4,"stat.pickup.minecraft.mutton":6,"stat.mineBlock.biomesoplenty.log_2":6,"stat.pickup.minecraft.wooden_axe":1,"stat.drop.minecraft.dirt":81,"stat.useItem.minecraft.cooked_porkchop":30,"stat.pickup.minecraft.iron_shovel":3,"stat.pickup.spartanweaponry.material":3,"stat.craftItem.minecraft.stone_slab2":0,"stat.craftItem.nocubessrparmory.infestedtoolrod":1,"stat.pickup.zawa.blubber":5,"stat.pickup.minecraft.paper":12,"stat.mineBlock.biomesoplenty.log_0":92,"stat.craftItem.minecraft.stick":324,"stat.craftItem.nocubessrparmory.carbonsteel":3,"stat.mineBlock.minecraft.crafting_table":6,"stat.useItem.minecraft.diamond_pickaxe":1981,"stat.pickup.minecraft.diamond_chestplate":3,"stat.entityKilledBy.Creeper":1,"stat.mineBlock.minecraft.planks":419,"stat.drop":173,"stat.killEntity.Sheep":1,"stat.drop.minecraft.iron_boots":2,"stat.craftItem.minecraft.diamond_pickaxe":2,"stat.drop.minecraft.bread":8,"stat.pickup.minecraft.gravel":31,"stat.useItem.minecraft.diamond_axe":83,"stat.useItem.minecraft.apple":1,"stat.mineBlock.minecraft.deadbush":1,"stat.drop.minecraft.cooked_porkchop":7,"stat.drop.spartanweaponry.javelin_stone":2,"stat.pickup.minecraft.iron_helmet":4,"stat.pickup.minecraft.spider_eye":2,"stat.craftItem.minecraft.iron_helmet":2,"stat.useItem.minecraft.cooked_chicken":4,"stat.pickup.minecraft.iron_ore":304,"stat.boatOneCm":262275,"stat.mineBlock.minecraft.iron_bars":63,"stat.pickup.nocubessrparmory.pestilentarmorhelmet":4,"stat.mineBlock.minecraft.stone_stairs":84,"stat.drop.zawa.worm":6,"stat.pickup.minecraft.leather":93,"stat.drop.minecraft.iron_hoe":2,"stat.craftItem.minecraft.iron_bars":128,"stat.mineBlock.minecraft.furnace":10,"stat.useItem.minecraft.wooden_pickaxe":186,"stat.pickup.minecraft.reeds":125,"stat.damageDealt":34585,"stat.sleepInBed":1,"stat.craftItem.minecraft.baked_potato":150,"stat.killEntity.Pig":11,"stat.craftItem.minecraft.iron_sword":2,"stat.pickup.zawa.rat_raw":3,"stat.pickup.minecraft.boat":1,"stat.walkOneCm":1486864,"stat.playerKills":1,"stat.pickup.minecraft.stick":53,"stat.pickup.biomesoplenty.sapling_0":6,"stat.pickup.biomesoplenty.sapling_2":1,"stat.mineBlock.zawa.maireana":1,"stat.drop.minecraft.iron_chestplate":1,"stat.pickup.minecraft.stone":1046,"stat.killEntity.Skeleton":32,"stat.pickup.biomesoplenty.log_0":93,"stat.pickup.biomesoplenty.log_2":6,"stat.killEntity.Chicken":3,"stat.mineBlock.srparasites.infestremain":1,"stat.useItem.biomesoplenty.planks_0":119,"stat.useItem.biomesoplenty.sapling_0":1,"stat.killEntity.Spider":12,"stat.pickup.minecraft.bread":19,"stat.craftItem.nocubessrparmory.pestilentpart":38,"stat.useItem.nocubessrparmory.pestilentknife":120,"stat.pickup.minecraft.water_bucket":5,"stat.mineBlock.minecraft.leaves":58,"stat.mineBlock.srparasites.parasitecanister":4,"stat.mineBlock.minecraft.redstone_ore":37,"stat.mineBlock.minecraft.stone":15797}