{"stat.drop.minecraft.stone_pickaxe":3,"stat.pickup.minecraft.bone":1,"stat.mineBlock.minecraft.cobblestone":10,"stat.pickup.minecraft.stone_pickaxe":3,"stat.useItem.zawa.bird_meat_cooked":2,"stat.swimOneCm":18932,"stat.pickup.minecraft.glowstone_dust":2,"stat.useItem.minecraft.stone_slab2":18,"stat.pickup.zawa.bird_meat":2,"stat.pickup.minecraft.iron_boots":1,"stat.pickup.minecraft.rotten_flesh":6,"stat.craftItem.minecraft.furnace":2,"stat.craftItem.minecraft.stone_axe":1,"stat.craftItem.minecraft.iron_boots":1,"stat.craftItem.minecraft.stone_pickaxe":4,"stat.pickup.minecraft.cobblestone":437,"stat.flyOneCm":127347,"stat.pickup.biomesoplenty.mushroom":3,"stat.killEntity.srmonstress.patrolman":3,"stat.killEntity.Witch":1,"stat.mineBlock.minecraft.iron_ore":52,"stat.timeSinceDeath":1597,"stat.craftItem.minecraft.wooden_pickaxe":2,"stat.pickup.minecraft.mutton":6,"stat.pickup.minecraft.double_plant":1,"stat.entityKilledBy.srmonstress.aloe":1,"stat.furnaceInteraction":30,"stat.killEntity.ZombieVillager":1,"stat.mineBlock.minecraft.coal_ore":31,"stat.pickup.srparasites.lurecomponent1":6,"stat.killEntity.Creeper":2,"stat.talkedToVillager":6,"stat.pickup.zawa.large_meat_raw":1,"stat.pickup.minecraft.furnace":2,"stat.useItem.minecraft.cooked_mutton":3,"stat.craftItem.zawa.bird_meat_cooked":2,"stat.craftItem.minecraft.stone_slab2":0,"stat.sprintOneCm":127902,"stat.pickup.minecraft.iron_chestplate":1,"stat.craftItem.minecraft.stick":24,"stat.mineBlock.biomesoplenty.mushroom":1,"stat.useItem.minecraft.carrot":13,"stat.entityKilledBy.Creeper":1,"stat.pickup.minecraft.sugar":4,"stat.deaths":2,"stat.drop":9,"stat.playOneMinute":42563,"stat.killEntity.Sheep":2,"stat.killEntity.Zombie":4,"stat.pickup.zawa.care_guide":2,"stat.mineBlock.minecraft.tallgrass":1,"stat.craftItem.minecraft.cooked_mutton":3,"stat.diveOneCm":5278,"stat.chestOpened":5,"stat.useItem.minecraft.stone":2,"stat.pickup.minecraft.gravel":6,"stat.pickup.minecraft.arrow":6,"stat.pickup.minecraft.iron_sword":1,"stat.pickup.minecraft.stone_axe":2,"stat.jump":1152,"stat.pickup.minecraft.coal":79,"stat.pickup.minecraft.iron_helmet":1,"stat.fallOneCm":24561,"stat.pickup.minecraft.carrot":13,"stat.useItem.minecraft.stone_axe":58,"stat.pickup.minecraft.gunpowder":2,"stat.crouchOneCm":20045,"stat.craftItem.minecraft.torch":24,"stat.craftItem.minecraft.iron_ingot":42,"stat.craftItem.minecraft.chest":2,"stat.pickup.minecraft.dirt":21,"stat.craftItem.minecraft.iron_helmet":1,"stat.craftingTableInteraction":17,"stat.pickup.minecraft.iron_ore":104,"stat.mineBlock.minecraft.log2":37,"stat.drop.minecraft.double_plant":1,"stat.damageTaken":1253,"stat.pickup.minecraft.feather":10,"stat.pickup.minecraft.leather":4,"stat.mineBlock.minecraft.torch":2,"stat.mineBlock.minecraft.furnace":1,"stat.useItem.minecraft.wooden_pickaxe":118,"stat.pickup.srparasites.assimilated_flesh":2,"stat.mineBlock.biomesoplenty.plant_1":1,"stat.pickup.minecraft.log2":69,"stat.mineBlock.biomesoplenty.plant_0":3,"stat.pickup.minecraft.planks":37,"stat.pickup.minecraft.reeds":22,"stat.pickup.biomesoplenty.plant_1":3,"stat.pickup.minecraft.iron_leggings":1,"stat.pickup.minecraft.potato":1,"stat.useItem.minecraft.stone_pickaxe":397,"stat.craftItem.minecraft.iron_leggings":1,"stat.damageDealt":3666,"stat.mineBlock.minecraft.dirt":12,"stat.craftItem.minecraft.iron_sword":1,"stat.walkOneCm":92454,"stat.useItem.minecraft.torch":20,"stat.useItem.minecraft.chest":1,"stat.pickup.minecraft.stick":3,"stat.drop.minecraft.rotten_flesh":5,"stat.useItem.minecraft.cobblestone":389,"stat.craftItem.minecraft.crafting_table":4,"stat.useItem.minecraft.gravel":2,"stat.mineBlock.minecraft.double_plant":1,"stat.craftItem.zawa.large_meat_cooked":1,"stat.pickup.minecraft.stone":4,"stat.craftItem.minecraft.iron_chestplate":1,"stat.useItem.zawa.large_meat_cooked":1,"stat.killEntity.srmonstress.aloe":1,"stat.killEntity.Skeleton":1,"stat.craftItem.minecraft.planks":180,"stat.useItem.minecraft.iron_sword":18,"stat.mobKills":23,"stat.pickup.minecraft.torch":12,"stat.sneakTime":3780,"stat.pickup.minecraft.wool":6,"stat.drop.zawa.care_guide":2,"stat.mineBlock.minecraft.stone":419}