{"stat.drop.minecraft.stone_pickaxe":1,"stat.pickup.minecraft.bone":1,"stat.useItem.minecraft.stone":2,"stat.pickup.minecraft.gravel":6,"stat.pickup.minecraft.arrow":4,"stat.pickup.minecraft.stone_pickaxe":1,"stat.pickup.minecraft.stone_axe":1,"stat.useItem.zawa.bird_meat_cooked":2,"stat.jump":486,"stat.swimOneCm":15120,"stat.pickup.minecraft.coal":79,"stat.fallOneCm":10486,"stat.pickup.minecraft.glowstone_dust":2,"stat.pickup.minecraft.carrot":1,"stat.useItem.minecraft.stone_axe":58,"stat.crouchOneCm":1689,"stat.craftItem.minecraft.torch":24,"stat.pickup.minecraft.dirt":21,"stat.useItem.minecraft.stone_slab2":10,"stat.pickup.zawa.bird_meat":2,"stat.craftingTableInteraction":8,"stat.pickup.minecraft.iron_ore":104,"stat.pickup.minecraft.rotten_flesh":3,"stat.craftItem.minecraft.furnace":2,"stat.craftItem.minecraft.stone_axe":1,"stat.mineBlock.minecraft.log2":37,"stat.drop.minecraft.double_plant":1,"stat.damageTaken":739,"stat.pickup.minecraft.feather":10,"stat.pickup.minecraft.leather":4,"stat.craftItem.minecraft.stone_pickaxe":1,"stat.mineBlock.minecraft.torch":2,"stat.mineBlock.minecraft.furnace":1,"stat.useItem.minecraft.wooden_pickaxe":59,"stat.pickup.minecraft.cobblestone":110,"stat.pickup.srparasites.assimilated_flesh":2,"stat.mineBlock.biomesoplenty.plant_1":1,"stat.pickup.minecraft.log2":69,"stat.mineBlock.biomesoplenty.plant_0":2,"stat.pickup.minecraft.planks":37,"stat.pickup.minecraft.reeds":22,"stat.pickup.biomesoplenty.plant_1":2,"stat.flyOneCm":51841,"stat.pickup.biomesoplenty.mushroom":2,"stat.killEntity.srmonstress.patrolman":2,"stat.killEntity.Witch":1,"stat.useItem.minecraft.stone_pickaxe":131,"stat.damageDealt":2591,"stat.mineBlock.minecraft.iron_ore":52,"stat.timeSinceDeath":5201,"stat.mineBlock.minecraft.dirt":12,"stat.craftItem.minecraft.wooden_pickaxe":1,"stat.pickup.minecraft.mutton":6,"stat.pickup.minecraft.double_plant":1,"stat.walkOneCm":54359,"stat.useItem.minecraft.torch":20,"stat.drop.minecraft.rotten_flesh":3,"stat.useItem.minecraft.cobblestone":74,"stat.furnaceInteraction":23,"stat.craftItem.minecraft.crafting_table":3,"stat.useItem.minecraft.gravel":2,"stat.mineBlock.minecraft.double_plant":1,"stat.mineBlock.minecraft.coal_ore":31,"stat.pickup.srparasites.lurecomponent1":4,"stat.killEntity.Creeper":1,"stat.talkedToVillager":3,"stat.craftItem.zawa.large_meat_cooked":1,"stat.pickup.zawa.large_meat_raw":1,"stat.pickup.minecraft.furnace":2,"stat.useItem.minecraft.cooked_mutton":2,"stat.craftItem.zawa.bird_meat_cooked":2,"stat.craftItem.minecraft.stone_slab2":0,"stat.pickup.minecraft.stone":4,"stat.useItem.zawa.large_meat_cooked":1,"stat.sprintOneCm":47510,"stat.craftItem.minecraft.stick":16,"stat.killEntity.Skeleton":1,"stat.craftItem.minecraft.planks":180,"stat.mineBlock.biomesoplenty.mushroom":1,"stat.mobKills":17,"stat.entityKilledBy.Creeper":1,"stat.pickup.minecraft.sugar":2,"stat.deaths":1,"stat.drop":5,"stat.playOneMinute":22441,"stat.pickup.minecraft.torch":7,"stat.killEntity.Sheep":2,"stat.sneakTime":606,"stat.pickup.minecraft.wool":4,"stat.killEntity.Zombie":2,"stat.pickup.zawa.care_guide":2,"stat.drop.zawa.care_guide":2,"stat.mineBlock.minecraft.stone":102,"stat.mineBlock.minecraft.tallgrass":1,"stat.craftItem.minecraft.cooked_mutton":3,"stat.diveOneCm":3066}