{"stat.pickup.minecraft.sand":3,"stat.walkOneCm":41028,"stat.playerKills":1,"stat.leaveGame":3,"stat.damageTaken":531,"stat.pickup.minecraft.leather":1,"stat.mineBlock.biomesoplenty.double_plant":1,"stat.mobKills":1,"stat.flyOneCm":76739,"stat.deaths":2,"stat.drop":3,"stat.jump":201,"stat.swimOneCm":347,"stat.mineBlock.minecraft.sand":1,"stat.pickup.minecraft.egg":1,"stat.playOneMinute":22933,"stat.fallOneCm":6890,"stat.drop.minecraft.sand":3,"stat.pickup.minecraft.beef":1,"stat.sneakTime":255,"stat.damageDealt":340,"stat.crouchOneCm":495,"stat.timeSinceDeath":13118,"stat.pickup.minecraft.dirt":1,"stat.killEntity.Cow":1,"stat.sprintOneCm":51797,"stat.mineBlock.minecraft.dirt":2,"stat.diveOneCm":1613}