{"stat.drop.minecraft.stone_pickaxe":5,"stat.pickup.minecraft.bone":9,"stat.mineBlock.minecraft.cobblestone":10,"stat.pickup.minecraft.stone_pickaxe":4,"stat.craftItem.minecraft.iron_axe":1,"stat.mineBlock.srparasites.gore":6,"stat.useItem.zawa.bird_meat_cooked":2,"stat.swimOneCm":31597,"stat.pickup.zawa.worm":7,"stat.useItem.minecraft.planks":22,"stat.climbOneCm":1287,"stat.pickup.minecraft.glowstone_dust":2,"stat.useItem.minecraft.dirt":204,"stat.useItem.minecraft.stone_slab2":44,"stat.pickup.zawa.bird_meat":2,"stat.pickup.minecraft.iron_boots":2,"stat.useItem.minecraft.water_bucket":1,"stat.pickup.minecraft.rotten_flesh":15,"stat.craftItem.minecraft.furnace":3,"stat.craftItem.minecraft.stone_axe":1,"stat.craftItem.minecraft.iron_boots":1,"stat.craftItem.minecraft.stone_pickaxe":5,"stat.pickup.minecraft.cobblestone":487,"stat.useItem.minecraft.stone_shovel":131,"stat.flyOneCm":318772,"stat.pickup.biomesoplenty.mushroom":4,"stat.killEntity.srmonstress.patrolman":6,"stat.killEntity.Witch":1,"stat.drop.minecraft.wheat_seeds":1,"stat.craftItem.minecraft.wooden_hoe":1,"stat.pickup.nocubessrparmory.pestilentpart":2,"stat.mineBlock.minecraft.iron_ore":110,"stat.timeSinceDeath":35943,"stat.useItem.minecraft.iron_pickaxe":169,"stat.craftItem.minecraft.wooden_pickaxe":4,"stat.pickup.minecraft.mutton":6,"stat.pickup.minecraft.double_plant":1,"stat.killEntity.Bat":1,"stat.useItem.minecraft.potato":59,"stat.entityKilledBy.srmonstress.aloe":1,"stat.pickup.minecraft.wooden_shovel":1,"stat.furnaceInteraction":40,"stat.killEntity.ZombieVillager":1,"stat.mineBlock.minecraft.coal_ore":50,"stat.pickup.srparasites.lurecomponent1":16,"stat.killEntity.Creeper":2,"stat.pickup.minecraft.shield":1,"stat.talkedToVillager":17,"stat.craftItem.minecraft.stone_hoe":1,"stat.pickup.minecraft.string":1,"stat.pickup.zawa.large_meat_raw":1,"stat.pickup.minecraft.furnace":3,"stat.useItem.minecraft.cooked_mutton":3,"stat.craftItem.zawa.bird_meat_cooked":2,"stat.craftItem.minecraft.stone_slab2":0,"stat.pickup.zawa.reptile_meat_raw":1,"stat.sprintOneCm":361846,"stat.pickup.biomesoplenty.flower_0":2,"stat.pickup.minecraft.iron_chestplate":2,"stat.craftItem.minecraft.stick":52,"stat.pickup.minecraft.stone_stairs":2,"stat.mineBlock.biomesoplenty.mushroom":2,"stat.useItem.minecraft.carrot":80,"stat.useItem.minecraft.wooden_shovel":59,"stat.entityKilledBy.Creeper":1,"stat.pickup.minecraft.sugar":6,"stat.deaths":3,"stat.drop":15,"stat.playOneMinute":91163,"stat.craftItem.minecraft.wooden_shovel":1,"stat.killEntity.Sheep":2,"stat.craftItem.minecraft.iron_pickaxe":1,"stat.killEntity.Zombie":11,"stat.pickup.zawa.care_guide":2,"stat.mineBlock.minecraft.gold_ore":9,"stat.mineBlock.minecraft.tallgrass":1,"stat.craftItem.minecraft.cooked_mutton":3,"stat.diveOneCm":23185,"stat.chestOpened":16,"stat.useItem.minecraft.stone":4,"stat.drop.minecraft.wooden_pickaxe":1,"stat.pickup.minecraft.gravel":7,"stat.pickup.minecraft.arrow":21,"stat.pickup.minecraft.iron_sword":2,"stat.pickup.minecraft.stone_axe":2,"stat.craftItem.minecraft.iron_hoe":1,"stat.jump":2593,"stat.useItem.minecraft.wooden_hoe":59,"stat.pickup.minecraft.coal":106,"stat.pickup.minecraft.iron_helmet":2,"stat.fallOneCm":53051,"stat.pickup.minecraft.carrot":86,"stat.useItem.minecraft.stone_axe":91,"stat.pickup.minecraft.gunpowder":3,"stat.crouchOneCm":37039,"stat.craftItem.minecraft.torch":56,"stat.craftItem.minecraft.iron_ingot":60,"stat.craftItem.minecraft.chest":2,"stat.pickup.minecraft.dirt":269,"stat.craftItem.minecraft.iron_helmet":1,"stat.useItem.minecraft.iron_hoe":50,"stat.craftingTableInteraction":42,"stat.pickup.minecraft.iron_ore":186,"stat.pickup.minecraft.gold_ore":9,"stat.mineBlock.minecraft.log2":70,"stat.drop.minecraft.double_plant":1,"stat.pickup.minecraft.wooden_pickaxe":1,"stat.damageTaken":2365,"stat.pickup.minecraft.feather":10,"stat.pickup.minecraft.leather":4,"stat.mineBlock.minecraft.torch":2,"stat.mineBlock.minecraft.furnace":2,"stat.useItem.minecraft.wooden_pickaxe":126,"stat.pickup.srparasites.assimilated_flesh":5,"stat.mineBlock.biomesoplenty.plant_1":1,"stat.pickup.minecraft.log2":110,"stat.mineBlock.biomesoplenty.plant_0":5,"stat.pickup.minecraft.planks":153,"stat.pickup.minecraft.reeds":43,"stat.pickup.biomesoplenty.plant_1":5,"stat.pickup.minecraft.iron_leggings":2,"stat.pickup.minecraft.wheat_seeds":4,"stat.pickup.minecraft.potato":31,"stat.mineBlock.minecraft.gravel":1,"stat.useItem.minecraft.stone_pickaxe":482,"stat.craftItem.minecraft.iron_leggings":1,"stat.damageDealt":9177,"stat.useItem.minecraft.wool":1,"stat.mineBlock.minecraft.dirt":201,"stat.craftItem.minecraft.iron_sword":1,"stat.pickup.minecraft.poisonous_potato":1,"stat.craftItem.minecraft.stone_shovel":1,"stat.walkOneCm":178361,"stat.useItem.minecraft.torch":52,"stat.useItem.minecraft.bread":1,"stat.useItem.minecraft.chest":1,"stat.pickup.minecraft.stick":4,"stat.drop.minecraft.rotten_flesh":5,"stat.useItem.minecraft.cobblestone":420,"stat.craftItem.minecraft.crafting_table":8,"stat.useItem.minecraft.gravel":2,"stat.mineBlock.minecraft.double_plant":1,"stat.craftItem.zawa.large_meat_cooked":1,"stat.pickup.minecraft.stone":7,"stat.craftItem.minecraft.iron_chestplate":1,"stat.useItem.zawa.large_meat_cooked":1,"stat.pickup.minecraft.wooden_door":2,"stat.killEntity.srmonstress.aloe":1,"stat.killEntity.Skeleton":7,"stat.craftItem.minecraft.bucket":1,"stat.craftItem.minecraft.planks":312,"stat.useItem.minecraft.iron_sword":126,"stat.pickup.minecraft.bread":1,"stat.drop.biomesoplenty.flower_0":2,"stat.mobKills":61,"stat.useItem.minecraft.stone_hoe":77,"stat.killEntity.srmonstress.heartdemon":1,"stat.pickup.minecraft.water_bucket":1,"stat.pickup.minecraft.torch":17,"stat.sneakTime":7120,"stat.pickup.minecraft.wool":8,"stat.drop.minecraft.arrow":2,"stat.drop.zawa.care_guide":2,"stat.mineBlock.minecraft.stone":591}