{"stat.drop.minecraft.stone_pickaxe":3,"stat.chestOpened":1,"stat.pickup.minecraft.bone":1,"stat.useItem.minecraft.stone":2,"stat.pickup.minecraft.gravel":6,"stat.pickup.minecraft.arrow":4,"stat.mineBlock.minecraft.cobblestone":4,"stat.pickup.minecraft.stone_pickaxe":2,"stat.pickup.minecraft.stone_axe":1,"stat.useItem.zawa.bird_meat_cooked":2,"stat.jump":872,"stat.swimOneCm":15649,"stat.pickup.minecraft.coal":79,"stat.fallOneCm":19021,"stat.pickup.minecraft.glowstone_dust":2,"stat.pickup.minecraft.carrot":11,"stat.useItem.minecraft.stone_axe":58,"stat.crouchOneCm":15589,"stat.craftItem.minecraft.torch":24,"stat.craftItem.minecraft.iron_ingot":42,"stat.pickup.minecraft.dirt":21,"stat.useItem.minecraft.stone_slab2":16,"stat.pickup.zawa.bird_meat":2,"stat.craftingTableInteraction":13,"stat.pickup.minecraft.iron_ore":104,"stat.pickup.minecraft.rotten_flesh":3,"stat.craftItem.minecraft.furnace":2,"stat.craftItem.minecraft.stone_axe":1,"stat.mineBlock.minecraft.log2":37,"stat.drop.minecraft.double_plant":1,"stat.damageTaken":1039,"stat.pickup.minecraft.feather":10,"stat.pickup.minecraft.leather":4,"stat.craftItem.minecraft.stone_pickaxe":4,"stat.mineBlock.minecraft.torch":2,"stat.mineBlock.minecraft.furnace":1,"stat.useItem.minecraft.wooden_pickaxe":118,"stat.pickup.minecraft.cobblestone":431,"stat.pickup.srparasites.assimilated_flesh":2,"stat.mineBlock.biomesoplenty.plant_1":1,"stat.pickup.minecraft.log2":69,"stat.mineBlock.biomesoplenty.plant_0":2,"stat.pickup.minecraft.planks":37,"stat.pickup.minecraft.reeds":22,"stat.pickup.biomesoplenty.plant_1":2,"stat.flyOneCm":87476,"stat.pickup.biomesoplenty.mushroom":2,"stat.killEntity.srmonstress.patrolman":2,"stat.pickup.minecraft.potato":1,"stat.killEntity.Witch":1,"stat.useItem.minecraft.stone_pickaxe":391,"stat.damageDealt":2591,"stat.mineBlock.minecraft.iron_ore":52,"stat.timeSinceDeath":16901,"stat.mineBlock.minecraft.dirt":12,"stat.craftItem.minecraft.wooden_pickaxe":2,"stat.pickup.minecraft.mutton":6,"stat.craftItem.minecraft.iron_sword":1,"stat.pickup.minecraft.double_plant":1,"stat.walkOneCm":75694,"stat.useItem.minecraft.torch":20,"stat.drop.minecraft.rotten_flesh":3,"stat.useItem.minecraft.cobblestone":308,"stat.furnaceInteraction":29,"stat.craftItem.minecraft.crafting_table":3,"stat.useItem.minecraft.gravel":2,"stat.mineBlock.minecraft.double_plant":1,"stat.mineBlock.minecraft.coal_ore":31,"stat.pickup.srparasites.lurecomponent1":4,"stat.killEntity.Creeper":1,"stat.talkedToVillager":4,"stat.craftItem.zawa.large_meat_cooked":1,"stat.pickup.zawa.large_meat_raw":1,"stat.pickup.minecraft.furnace":2,"stat.useItem.minecraft.cooked_mutton":3,"stat.craftItem.zawa.bird_meat_cooked":2,"stat.craftItem.minecraft.stone_slab2":0,"stat.pickup.minecraft.stone":4,"stat.useItem.zawa.large_meat_cooked":1,"stat.sprintOneCm":86178,"stat.craftItem.minecraft.stick":24,"stat.killEntity.Skeleton":1,"stat.craftItem.minecraft.planks":180,"stat.mineBlock.biomesoplenty.mushroom":1,"stat.useItem.minecraft.carrot":11,"stat.mobKills":17,"stat.entityKilledBy.Creeper":1,"stat.pickup.minecraft.sugar":2,"stat.deaths":1,"stat.drop":7,"stat.playOneMinute":34141,"stat.pickup.minecraft.torch":7,"stat.killEntity.Sheep":2,"stat.sneakTime":3026,"stat.pickup.minecraft.wool":4,"stat.killEntity.Zombie":2,"stat.pickup.zawa.care_guide":2,"stat.drop.zawa.care_guide":2,"stat.mineBlock.minecraft.stone":419,"stat.mineBlock.minecraft.tallgrass":1,"stat.craftItem.minecraft.cooked_mutton":3,"stat.diveOneCm":5278}