{"stat.chestOpened":4,"stat.useItem.zawa.rat_raw":5,"stat.craftItem.futuremc.smoker":1,"stat.leaveGame":2,"stat.pickup.minecraft.gravel":1,"stat.pickup.minecraft.stone_pickaxe":1,"stat.pickup.minecraft.stone_axe":1,"stat.useItem.minecraft.rotten_flesh":4,"stat.useItem.zawa.rat_cooked":1,"stat.craftItem.biomesoplenty.planks_0":80,"stat.jump":1560,"stat.swimOneCm":16044,"stat.pickup.zawa.worm":4,"stat.pickup.minecraft.coal":64,"stat.useItem.minecraft.planks":3,"stat.fallOneCm":29153,"stat.climbOneCm":849,"stat.pickup.zawa.tiger_fur":3,"stat.drop.biomesoplenty.mudball":16,"stat.useItem.minecraft.stone_axe":45,"stat.crouchOneCm":2098,"stat.craftItem.minecraft.chest":1,"stat.craftItem.minecraft.torch":4,"stat.pickup.minecraft.dirt":110,"stat.useItem.minecraft.dirt":9,"stat.useItem.minecraft.stone_slab2":27,"stat.pickup.zawa.bird_meat":2,"stat.craftingTableInteraction":34,"stat.pickup.minecraft.iron_ore":18,"stat.pickup.minecraft.rotten_flesh":5,"stat.craftItem.minecraft.furnace":2,"stat.drop.zawa.carnivore_meat_raw":2,"stat.pickup.zawa.carnivore_meat_raw":2,"stat.craftItem.minecraft.stone_axe":2,"stat.killEntity.betteranimalsplus.fox":1,"stat.craftItem.zawa.rat_cooked":1,"stat.pickup.zawa.ostritch_fern":3,"stat.damageTaken":3904,"stat.pickup.minecraft.feather":3,"stat.pickup.minecraft.leather":2,"stat.pickup.biomesoplenty.pear":2,"stat.craftItem.minecraft.stone_pickaxe":9,"stat.mineBlock.minecraft.furnace":1,"stat.mineBlock.biomesoplenty.mud":80,"stat.useItem.minecraft.wooden_pickaxe":298,"stat.craftItem.minecraft.cooked_beef":2,"stat.pickup.minecraft.cobblestone":1030,"stat.mineBlock.biomesoplenty.double_plant":1,"stat.craftItem.minecraft.wooden_sword":1,"stat.mineBlock.biomesoplenty.plant_1":4,"stat.mineBlock.biomesoplenty.plant_0":30,"stat.pickup.minecraft.planks":8,"stat.pickup.minecraft.reeds":8,"stat.pickup.biomesoplenty.plant_1":8,"stat.flyOneCm":304774,"stat.pickup.minecraft.wheat_seeds":21,"stat.drop.biomesoplenty.plant_1":4,"stat.drop.minecraft.wheat_seeds":1,"stat.useItem.biomesoplenty.mudball":45,"stat.mineBlock.minecraft.gravel":1,"stat.useItem.minecraft.stone_pickaxe":666,"stat.useItem.minecraft.cooked_beef":2,"stat.damageDealt":2907,"stat.useItem.zawa.carnivore_meat_cooked":1,"stat.mineBlock.minecraft.iron_ore":17,"stat.timeSinceDeath":0,"stat.killEntity.Cow":1,"stat.useItem.biomesoplenty.pear":1,"stat.mineBlock.minecraft.dirt":69,"stat.craftItem.minecraft.wooden_pickaxe":7,"stat.pickup.zawa.rat_raw":9,"stat.mineBlock.biomesoplenty.log_2":20,"stat.walkOneCm":197424,"stat.useItem.zawa.bird_meat":1,"stat.useItem.minecraft.torch":2,"stat.drop.zawa.legume":1,"stat.drop.minecraft.rotten_flesh":1,"stat.pickup.minecraft.crafting_table":1,"stat.useItem.minecraft.cobblestone":16,"stat.furnaceInteraction":14,"stat.craftItem.minecraft.crafting_table":11,"stat.pickup.biomesoplenty.sapling_2":1,"stat.pickup.zawa.legume":1,"stat.mineBlock.minecraft.coal_ore":76,"stat.pickup.srparasites.lurecomponent1":2,"stat.killEntity.Creeper":1,"stat.pickup.minecraft.log":130,"stat.pickup.minecraft.beef":2,"stat.pickup.minecraft.furnace":1,"stat.entityKilledBy.Skeleton":1,"stat.craftItem.minecraft.stone_slab2":0,"stat.drop.minecraft.planks":2,"stat.pickup.biomesoplenty.mudball":224,"stat.drop.minecraft.sapling":1,"stat.pickup.minecraft.sapling":4,"stat.sprintOneCm":227705,"stat.pickup.biomesoplenty.flower_0":1,"stat.craftItem.minecraft.stick":56,"stat.craftItem.minecraft.wooden_axe":4,"stat.craftItem.minecraft.planks":164,"stat.pickup.biomesoplenty.log_2":20,"stat.craftItem.zawa.carnivore_meat_cooked":1,"stat.useItem.biomesoplenty.planks_0":4,"stat.mineBlock.minecraft.crafting_table":1,"stat.mobKills":19,"stat.mineBlock.minecraft.log":130,"stat.entityKilledBy.Creeper":1,"stat.deaths":13,"stat.mineBlock.minecraft.planks":3,"stat.drop":13,"stat.mineBlock.minecraft.leaves":16,"stat.playOneMinute":60498,"stat.useItem.minecraft.wooden_sword":14,"stat.sneakTime":626,"stat.killEntity.Zombie":3,"stat.pickup.zawa.care_guide":2,"stat.useItem.minecraft.wooden_axe":138,"stat.drop.zawa.care_guide":2,"stat.mineBlock.minecraft.stone":748,"stat.mineBlock.minecraft.tallgrass":17,"stat.diveOneCm":7699,"stat.drop.minecraft.wooden_axe":1,"stat.pickup.minecraft.chest":1}