{"stat.chestOpened":4,"stat.walkOneCm":73123,"stat.drop.zawa.legume":1,"stat.leaveGame":2,"stat.pickup.minecraft.gravel":1,"stat.pickup.minecraft.crafting_table":1,"stat.useItem.minecraft.cobblestone":13,"stat.pickup.minecraft.stone_pickaxe":1,"stat.craftItem.minecraft.crafting_table":2,"stat.furnaceInteraction":6,"stat.pickup.minecraft.stone_axe":1,"stat.pickup.zawa.legume":1,"stat.mineBlock.minecraft.coal_ore":16,"stat.pickup.srparasites.lurecomponent1":2,"stat.killEntity.Creeper":1,"stat.pickup.minecraft.log":40,"stat.useItem.minecraft.rotten_flesh":2,"stat.useItem.zawa.rat_cooked":1,"stat.jump":718,"stat.swimOneCm":1151,"stat.pickup.minecraft.coal":4,"stat.useItem.minecraft.planks":3,"stat.fallOneCm":13739,"stat.climbOneCm":644,"stat.pickup.minecraft.furnace":1,"stat.craftItem.minecraft.stone_slab2":0,"stat.useItem.minecraft.stone_axe":33,"stat.drop.minecraft.planks":2,"stat.drop.minecraft.sapling":1,"stat.crouchOneCm":750,"stat.craftItem.minecraft.chest":1,"stat.pickup.minecraft.sapling":1,"stat.pickup.minecraft.dirt":49,"stat.useItem.minecraft.dirt":9,"stat.sprintOneCm":85147,"stat.useItem.minecraft.stone_slab2":11,"stat.craftItem.minecraft.stick":16,"stat.craftItem.minecraft.wooden_axe":1,"stat.craftingTableInteraction":13,"stat.pickup.minecraft.iron_ore":4,"stat.pickup.minecraft.rotten_flesh":2,"stat.craftItem.minecraft.furnace":1,"stat.craftItem.minecraft.planks":56,"stat.craftItem.minecraft.stone_axe":1,"stat.damageTaken":2133,"stat.pickup.zawa.ostritch_fern":3,"stat.craftItem.zawa.rat_cooked":1,"stat.mineBlock.minecraft.crafting_table":1,"stat.pickup.biomesoplenty.pear":1,"stat.craftItem.minecraft.stone_pickaxe":3,"stat.mineBlock.minecraft.furnace":1,"stat.useItem.minecraft.wooden_pickaxe":118,"stat.pickup.minecraft.cobblestone":643,"stat.mobKills":6,"stat.mineBlock.minecraft.log":40,"stat.mineBlock.biomesoplenty.plant_0":3,"stat.pickup.minecraft.planks":7,"stat.flyOneCm":134095,"stat.deaths":7,"stat.mineBlock.minecraft.planks":2,"stat.drop":8,"stat.pickup.minecraft.wheat_seeds":19,"stat.mineBlock.minecraft.leaves":11,"stat.playOneMinute":24498,"stat.drop.minecraft.wheat_seeds":1,"stat.mineBlock.minecraft.gravel":1,"stat.useItem.minecraft.stone_pickaxe":265,"stat.sneakTime":210,"stat.damageDealt":738,"stat.mineBlock.minecraft.iron_ore":3,"stat.killEntity.Zombie":2,"stat.pickup.zawa.care_guide":2,"stat.timeSinceDeath":538,"stat.useItem.minecraft.wooden_axe":14,"stat.drop.zawa.care_guide":2,"stat.mineBlock.minecraft.dirt":13,"stat.craftItem.minecraft.wooden_pickaxe":2,"stat.mineBlock.minecraft.stone":367,"stat.mineBlock.minecraft.tallgrass":6,"stat.diveOneCm":833,"stat.pickup.zawa.rat_raw":3,"stat.drop.minecraft.wooden_axe":1,"stat.pickup.minecraft.chest":1}