{"stat.chestOpened":4,"stat.useItem.zawa.rat_raw":5,"stat.leaveGame":2,"stat.pickup.minecraft.gravel":1,"stat.pickup.minecraft.stone_pickaxe":1,"stat.pickup.minecraft.stone_axe":1,"stat.useItem.minecraft.rotten_flesh":2,"stat.useItem.zawa.rat_cooked":1,"stat.craftItem.biomesoplenty.planks_0":80,"stat.jump":1353,"stat.swimOneCm":8548,"stat.pickup.minecraft.coal":64,"stat.useItem.minecraft.planks":3,"stat.fallOneCm":25416,"stat.climbOneCm":644,"stat.pickup.zawa.tiger_fur":3,"stat.useItem.minecraft.stone_axe":33,"stat.crouchOneCm":2098,"stat.craftItem.minecraft.chest":1,"stat.craftItem.minecraft.torch":4,"stat.pickup.minecraft.dirt":58,"stat.useItem.minecraft.dirt":9,"stat.useItem.minecraft.stone_slab2":21,"stat.pickup.zawa.bird_meat":2,"stat.craftingTableInteraction":28,"stat.pickup.minecraft.iron_ore":10,"stat.pickup.minecraft.rotten_flesh":3,"stat.craftItem.minecraft.furnace":1,"stat.drop.zawa.carnivore_meat_raw":2,"stat.pickup.zawa.carnivore_meat_raw":2,"stat.craftItem.minecraft.stone_axe":1,"stat.killEntity.betteranimalsplus.fox":1,"stat.craftItem.zawa.rat_cooked":1,"stat.pickup.zawa.ostritch_fern":3,"stat.damageTaken":3299,"stat.pickup.minecraft.feather":3,"stat.pickup.biomesoplenty.pear":1,"stat.craftItem.minecraft.stone_pickaxe":6,"stat.mineBlock.minecraft.furnace":1,"stat.useItem.minecraft.wooden_pickaxe":295,"stat.pickup.minecraft.cobblestone":1027,"stat.mineBlock.biomesoplenty.double_plant":1,"stat.craftItem.minecraft.wooden_sword":1,"stat.mineBlock.biomesoplenty.plant_0":20,"stat.pickup.minecraft.planks":8,"stat.pickup.minecraft.reeds":6,"stat.flyOneCm":267016,"stat.pickup.minecraft.wheat_seeds":19,"stat.drop.minecraft.wheat_seeds":1,"stat.mineBlock.minecraft.gravel":1,"stat.useItem.minecraft.stone_pickaxe":527,"stat.damageDealt":2263,"stat.useItem.zawa.carnivore_meat_cooked":1,"stat.mineBlock.minecraft.iron_ore":9,"stat.timeSinceDeath":7991,"stat.mineBlock.minecraft.dirt":17,"stat.craftItem.minecraft.wooden_pickaxe":6,"stat.pickup.zawa.rat_raw":9,"stat.mineBlock.biomesoplenty.log_2":20,"stat.walkOneCm":157942,"stat.useItem.zawa.bird_meat":1,"stat.useItem.minecraft.torch":1,"stat.drop.zawa.legume":1,"stat.drop.minecraft.rotten_flesh":1,"stat.pickup.minecraft.crafting_table":1,"stat.useItem.minecraft.cobblestone":15,"stat.furnaceInteraction":14,"stat.craftItem.minecraft.crafting_table":7,"stat.pickup.zawa.legume":1,"stat.mineBlock.minecraft.coal_ore":76,"stat.pickup.srparasites.lurecomponent1":2,"stat.killEntity.Creeper":1,"stat.pickup.minecraft.log":87,"stat.pickup.minecraft.furnace":1,"stat.entityKilledBy.Skeleton":1,"stat.craftItem.minecraft.stone_slab2":0,"stat.drop.minecraft.planks":2,"stat.drop.minecraft.sapling":1,"stat.pickup.minecraft.sapling":4,"stat.sprintOneCm":193229,"stat.pickup.biomesoplenty.flower_0":1,"stat.craftItem.minecraft.stick":44,"stat.craftItem.minecraft.wooden_axe":4,"stat.craftItem.minecraft.planks":116,"stat.pickup.biomesoplenty.log_2":20,"stat.craftItem.zawa.carnivore_meat_cooked":1,"stat.useItem.biomesoplenty.planks_0":4,"stat.mineBlock.minecraft.crafting_table":1,"stat.mobKills":18,"stat.mineBlock.minecraft.log":87,"stat.deaths":11,"stat.mineBlock.minecraft.planks":3,"stat.drop":11,"stat.mineBlock.minecraft.leaves":12,"stat.playOneMinute":48798,"stat.useItem.minecraft.wooden_sword":12,"stat.sneakTime":621,"stat.killEntity.Zombie":3,"stat.pickup.zawa.care_guide":2,"stat.useItem.minecraft.wooden_axe":102,"stat.drop.zawa.care_guide":2,"stat.mineBlock.minecraft.stone":745,"stat.mineBlock.minecraft.tallgrass":12,"stat.diveOneCm":6002,"stat.drop.minecraft.wooden_axe":1,"stat.pickup.minecraft.chest":1}