{"stat.drop.minecraft.stone_pickaxe":3,"stat.pickup.minecraft.bone":1,"stat.mineBlock.minecraft.cobblestone":10,"stat.pickup.minecraft.stone_pickaxe":3,"stat.useItem.zawa.bird_meat_cooked":2,"stat.swimOneCm":21258,"stat.pickup.zawa.worm":6,"stat.useItem.minecraft.planks":11,"stat.pickup.minecraft.glowstone_dust":2,"stat.useItem.minecraft.dirt":161,"stat.useItem.minecraft.stone_slab2":23,"stat.pickup.zawa.bird_meat":2,"stat.pickup.minecraft.iron_boots":1,"stat.pickup.minecraft.rotten_flesh":6,"stat.craftItem.minecraft.furnace":2,"stat.craftItem.minecraft.stone_axe":1,"stat.craftItem.minecraft.iron_boots":1,"stat.craftItem.minecraft.stone_pickaxe":4,"stat.pickup.minecraft.cobblestone":437,"stat.useItem.minecraft.stone_shovel":131,"stat.flyOneCm":161695,"stat.pickup.biomesoplenty.mushroom":3,"stat.killEntity.srmonstress.patrolman":3,"stat.killEntity.Witch":1,"stat.craftItem.minecraft.wooden_hoe":1,"stat.mineBlock.minecraft.iron_ore":52,"stat.timeSinceDeath":14197,"stat.craftItem.minecraft.wooden_pickaxe":2,"stat.pickup.minecraft.mutton":6,"stat.pickup.minecraft.double_plant":1,"stat.entityKilledBy.srmonstress.aloe":1,"stat.furnaceInteraction":30,"stat.killEntity.ZombieVillager":1,"stat.mineBlock.minecraft.coal_ore":31,"stat.pickup.srparasites.lurecomponent1":6,"stat.killEntity.Creeper":2,"stat.talkedToVillager":8,"stat.pickup.zawa.large_meat_raw":1,"stat.pickup.minecraft.furnace":2,"stat.useItem.minecraft.cooked_mutton":3,"stat.craftItem.zawa.bird_meat_cooked":2,"stat.craftItem.minecraft.stone_slab2":0,"stat.sprintOneCm":185548,"stat.pickup.biomesoplenty.flower_0":2,"stat.pickup.minecraft.iron_chestplate":1,"stat.craftItem.minecraft.stick":32,"stat.mineBlock.biomesoplenty.mushroom":1,"stat.useItem.minecraft.carrot":24,"stat.useItem.minecraft.wooden_shovel":59,"stat.entityKilledBy.Creeper":1,"stat.pickup.minecraft.sugar":4,"stat.deaths":2,"stat.drop":10,"stat.playOneMinute":55163,"stat.craftItem.minecraft.wooden_shovel":1,"stat.killEntity.Sheep":2,"stat.killEntity.Zombie":4,"stat.pickup.zawa.care_guide":2,"stat.mineBlock.minecraft.tallgrass":1,"stat.craftItem.minecraft.cooked_mutton":3,"stat.diveOneCm":6272,"stat.chestOpened":9,"stat.useItem.minecraft.stone":2,"stat.pickup.minecraft.gravel":6,"stat.pickup.minecraft.arrow":6,"stat.pickup.minecraft.iron_sword":1,"stat.pickup.minecraft.stone_axe":2,"stat.craftItem.minecraft.iron_hoe":1,"stat.jump":1440,"stat.useItem.minecraft.wooden_hoe":59,"stat.pickup.minecraft.coal":79,"stat.pickup.minecraft.iron_helmet":1,"stat.fallOneCm":30111,"stat.pickup.minecraft.carrot":29,"stat.useItem.minecraft.stone_axe":91,"stat.pickup.minecraft.gunpowder":2,"stat.crouchOneCm":33539,"stat.craftItem.minecraft.torch":24,"stat.craftItem.minecraft.iron_ingot":42,"stat.craftItem.minecraft.chest":2,"stat.pickup.minecraft.dirt":215,"stat.craftItem.minecraft.iron_helmet":1,"stat.useItem.minecraft.iron_hoe":50,"stat.craftingTableInteraction":26,"stat.pickup.minecraft.iron_ore":104,"stat.mineBlock.minecraft.log2":70,"stat.drop.minecraft.double_plant":1,"stat.damageTaken":1439,"stat.pickup.minecraft.feather":10,"stat.pickup.minecraft.leather":4,"stat.mineBlock.minecraft.torch":2,"stat.mineBlock.minecraft.furnace":1,"stat.useItem.minecraft.wooden_pickaxe":118,"stat.pickup.srparasites.assimilated_flesh":2,"stat.mineBlock.biomesoplenty.plant_1":1,"stat.pickup.minecraft.log2":102,"stat.mineBlock.biomesoplenty.plant_0":3,"stat.pickup.minecraft.planks":37,"stat.pickup.minecraft.reeds":22,"stat.pickup.biomesoplenty.plant_1":4,"stat.pickup.minecraft.iron_leggings":1,"stat.pickup.minecraft.potato":1,"stat.useItem.minecraft.stone_pickaxe":397,"stat.craftItem.minecraft.iron_leggings":1,"stat.damageDealt":3724,"stat.mineBlock.minecraft.dirt":196,"stat.craftItem.minecraft.iron_sword":1,"stat.craftItem.minecraft.stone_shovel":1,"stat.walkOneCm":110183,"stat.useItem.minecraft.torch":20,"stat.useItem.minecraft.chest":1,"stat.pickup.minecraft.stick":4,"stat.drop.minecraft.rotten_flesh":5,"stat.useItem.minecraft.cobblestone":389,"stat.craftItem.minecraft.crafting_table":4,"stat.useItem.minecraft.gravel":2,"stat.mineBlock.minecraft.double_plant":1,"stat.craftItem.zawa.large_meat_cooked":1,"stat.pickup.minecraft.stone":4,"stat.craftItem.minecraft.iron_chestplate":1,"stat.useItem.zawa.large_meat_cooked":1,"stat.pickup.minecraft.wooden_door":1,"stat.killEntity.srmonstress.aloe":1,"stat.killEntity.Skeleton":1,"stat.craftItem.minecraft.bucket":1,"stat.craftItem.minecraft.planks":312,"stat.useItem.minecraft.iron_sword":20,"stat.drop.biomesoplenty.flower_0":2,"stat.mobKills":24,"stat.pickup.minecraft.torch":12,"stat.sneakTime":6191,"stat.pickup.minecraft.wool":6,"stat.drop.zawa.care_guide":2,"stat.mineBlock.minecraft.stone":419}