{"stat.chestOpened":3,"stat.walkOneCm":67500,"stat.pickup.minecraft.bone":1,"stat.playerKills":1,"stat.pickup.minecraft.stick":8,"stat.leaveGame":3,"stat.pickup.minecraft.arrow":1,"stat.pickup.minecraft.stonebrick":4,"stat.furnaceInteraction":21,"stat.pickup.minecraft.log":24,"stat.mineBlock.minecraft.stained_glass_pane":2,"stat.mineBlock.minecraft.stained_glass":10,"stat.swimOneCm":1501,"stat.jump":463,"stat.drop.minecraft.stonebrick":4,"stat.fallOneCm":13874,"stat.climbOneCm":1620,"stat.useItem.minecraft.planks":11,"stat.pickup.minecraft.beef":17,"stat.pickup.minecraft.furnace":1,"stat.craftItem.minecraft.stone_slab2":0,"stat.useItem.minecraft.stone_axe":4,"stat.crouchOneCm":887,"stat.pickup.minecraft.dirt":1,"stat.mineBlock.minecraft.stained_hardened_clay":3,"stat.sprintOneCm":91818,"stat.drop.minecraft.leather":1,"stat.craftItem.minecraft.stick":4,"stat.craftingTableInteraction":11,"stat.pickup.minecraft.sand":3,"stat.killEntity.Skeleton":1,"stat.mineBlock.minecraft.stonebrick":2,"stat.craftItem.minecraft.planks":52,"stat.craftItem.minecraft.stone_axe":1,"stat.mineBlock.minecraft.log2":1,"stat.damageTaken":961,"stat.pickup.minecraft.leather":11,"stat.craftItem.minecraft.stone_pickaxe":1,"stat.mineBlock.minecraft.furnace":1,"stat.craftItem.minecraft.cooked_beef":9,"stat.useItem.minecraft.wooden_pickaxe":8,"stat.mineBlock.biomesoplenty.double_plant":2,"stat.mobKills":15,"stat.pickup.minecraft.cobblestone":15,"stat.pickup.dynamictrees.oakseed":4,"stat.pickup.minecraft.log2":1,"stat.craftItem.minecraft.stone_sword":1,"stat.flyOneCm":118331,"stat.deaths":2,"stat.pickup.dynamictrees.spruceseed":1,"stat.drop":6,"stat.mineBlock.minecraft.sand":1,"stat.pickup.minecraft.egg":2,"stat.playOneMinute":35533,"stat.drop.minecraft.sand":3,"stat.useItem.minecraft.stone_pickaxe":13,"stat.useItem.minecraft.cooked_beef":7,"stat.sneakTime":521,"stat.useItem.minecraft.stone_sword":39,"stat.damageDealt":2025,"stat.killEntity.Zombie":5,"stat.timeSinceDeath":25718,"stat.killEntity.Cow":7,"stat.mineBlock.minecraft.dirt":2,"stat.pickup.minecraft.stained_hardened_clay":3,"stat.mineBlock.minecraft.stone":15,"stat.craftItem.minecraft.wooden_pickaxe":1,"stat.diveOneCm":1613}