{"stat.drop.minecraft.stone_pickaxe":5,"stat.pickup.minecraft.bone":12,"stat.useItem.minecraft.iron_axe":7,"stat.mineBlock.minecraft.cobblestone":10,"stat.pickup.minecraft.stone_pickaxe":4,"stat.pickup.minecraft.flint":2,"stat.craftItem.minecraft.iron_axe":1,"stat.mineBlock.srparasites.gore":6,"stat.useItem.zawa.bird_meat_cooked":2,"stat.swimOneCm":36269,"stat.pickup.zawa.worm":7,"stat.useItem.minecraft.planks":70,"stat.climbOneCm":1287,"stat.pickup.minecraft.glowstone_dust":2,"stat.useItem.minecraft.dirt":209,"stat.useItem.minecraft.stone_slab2":56,"stat.pickup.zawa.bird_meat":2,"stat.pickup.minecraft.iron_boots":2,"stat.useItem.minecraft.water_bucket":1,"stat.pickup.minecraft.rotten_flesh":22,"stat.craftItem.minecraft.furnace":4,"stat.craftItem.minecraft.stone_axe":1,"stat.craftItem.minecraft.iron_boots":1,"stat.craftItem.minecraft.stone_pickaxe":5,"stat.pickup.minecraft.cobblestone":500,"stat.mineBlock.futuremc.fletching_table":3,"stat.useItem.minecraft.stone_shovel":131,"stat.flyOneCm":441887,"stat.pickup.biomesoplenty.mushroom":4,"stat.craftItem.minecraft.iron_shovel":1,"stat.killEntity.srmonstress.patrolman":7,"stat.killEntity.Witch":1,"stat.drop.minecraft.wheat_seeds":1,"stat.craftItem.minecraft.wooden_hoe":1,"stat.pickup.nocubessrparmory.pestilentpart":2,"stat.mineBlock.minecraft.iron_ore":120,"stat.timeSinceDeath":60243,"stat.useItem.minecraft.iron_pickaxe":189,"stat.craftItem.minecraft.wooden_pickaxe":4,"stat.pickup.minecraft.mutton":6,"stat.useItem.minecraft.iron_shovel":15,"stat.pickup.futuremc.smoker":2,"stat.pickup.minecraft.double_plant":3,"stat.killEntity.Bat":1,"stat.useItem.minecraft.potato":73,"stat.entityKilledBy.srmonstress.aloe":1,"stat.pickup.minecraft.wooden_shovel":1,"stat.furnaceInteraction":40,"stat.killEntity.ZombieVillager":1,"stat.mineBlock.minecraft.coal_ore":50,"stat.pickup.srparasites.lurecomponent1":18,"stat.killEntity.Creeper":3,"stat.pickup.minecraft.shield":1,"stat.talkedToVillager":24,"stat.craftItem.minecraft.stone_hoe":1,"stat.pickup.minecraft.string":3,"stat.pickup.zawa.large_meat_raw":3,"stat.pickup.minecraft.furnace":3,"stat.useItem.minecraft.cooked_mutton":3,"stat.craftItem.zawa.bird_meat_cooked":2,"stat.craftItem.minecraft.stone_slab2":0,"stat.pickup.zawa.reptile_meat_raw":1,"stat.sprintOneCm":457343,"stat.pickup.biomesoplenty.flower_0":2,"stat.pickup.minecraft.iron_chestplate":3,"stat.mineBlock.biomesoplenty.flower_0":1,"stat.craftItem.minecraft.stick":56,"stat.pickup.minecraft.stone_stairs":2,"stat.mineBlock.biomesoplenty.mushroom":2,"stat.useItem.minecraft.carrot":80,"stat.useItem.minecraft.wooden_shovel":59,"stat.entityKilledBy.Creeper":1,"stat.pickup.minecraft.sugar":6,"stat.deaths":3,"stat.pickup.futuremc.fletching_table":3,"stat.drop":17,"stat.playOneMinute":115463,"stat.craftItem.minecraft.wooden_shovel":1,"stat.killEntity.Sheep":2,"stat.craftItem.minecraft.iron_pickaxe":1,"stat.killEntity.Zombie":19,"stat.pickup.zawa.care_guide":2,"stat.mineBlock.minecraft.gold_ore":9,"stat.mineBlock.minecraft.tallgrass":1,"stat.craftItem.minecraft.cooked_mutton":3,"stat.diveOneCm":29658,"stat.chestOpened":17,"stat.craftItem.futuremc.smoker":1,"stat.useItem.minecraft.stone":4,"stat.drop.minecraft.wooden_pickaxe":1,"stat.pickup.minecraft.gravel":20,"stat.pickup.minecraft.arrow":24,"stat.pickup.minecraft.iron_sword":2,"stat.pickup.minecraft.stone_axe":2,"stat.craftItem.futuremc.fletching_table":1,"stat.craftItem.minecraft.iron_hoe":1,"stat.jump":3440,"stat.useItem.minecraft.wooden_hoe":59,"stat.pickup.minecraft.coal":106,"stat.pickup.minecraft.iron_helmet":2,"stat.fallOneCm":71745,"stat.pickup.minecraft.carrot":86,"stat.useItem.minecraft.stone_axe":91,"stat.pickup.minecraft.gunpowder":3,"stat.crouchOneCm":38135,"stat.craftItem.minecraft.torch":56,"stat.craftItem.minecraft.iron_ingot":60,"stat.craftItem.minecraft.chest":2,"stat.pickup.minecraft.dirt":281,"stat.craftItem.minecraft.iron_helmet":1,"stat.useItem.minecraft.iron_hoe":50,"stat.useItem.minecraft.cooked_chicken":2,"stat.craftingTableInteraction":48,"stat.pickup.minecraft.iron_ore":198,"stat.pickup.minecraft.gold_ore":9,"stat.mineBlock.minecraft.log2":70,"stat.drop.minecraft.double_plant":3,"stat.pickup.minecraft.wooden_pickaxe":1,"stat.damageTaken":2779,"stat.pickup.minecraft.feather":12,"stat.pickup.minecraft.leather":14,"stat.mineBlock.minecraft.torch":2,"stat.mineBlock.minecraft.furnace":2,"stat.useItem.minecraft.wooden_pickaxe":126,"stat.pickup.srparasites.assimilated_flesh":5,"stat.mineBlock.biomesoplenty.plant_1":1,"stat.pickup.minecraft.log2":110,"stat.mineBlock.biomesoplenty.plant_0":6,"stat.pickup.minecraft.planks":240,"stat.pickup.minecraft.reeds":49,"stat.pickup.biomesoplenty.plant_1":5,"stat.pickup.minecraft.iron_leggings":2,"stat.pickup.minecraft.wheat_seeds":9,"stat.pickup.minecraft.potato":86,"stat.mineBlock.minecraft.gravel":16,"stat.useItem.minecraft.stone_pickaxe":482,"stat.craftItem.minecraft.iron_leggings":1,"stat.damageDealt":15040,"stat.pickup.zawa.bush_meat_raw":13,"stat.useItem.minecraft.wool":1,"stat.craftItem.minecraft.baked_potato":13,"stat.mineBlock.minecraft.dirt":205,"stat.craftItem.minecraft.iron_sword":1,"stat.pickup.minecraft.poisonous_potato":1,"stat.craftItem.minecraft.stone_shovel":1,"stat.walkOneCm":227149,"stat.useItem.minecraft.torch":55,"stat.useItem.minecraft.bread":4,"stat.mineBlock.biomesoplenty.leaves_3":1,"stat.useItem.minecraft.chest":1,"stat.pickup.minecraft.stick":4,"stat.drop.minecraft.rotten_flesh":5,"stat.useItem.zawa.reptile_meat_raw":1,"stat.useItem.minecraft.cobblestone":422,"stat.craftItem.minecraft.crafting_table":12,"stat.useItem.minecraft.gravel":3,"stat.mineBlock.minecraft.double_plant":2,"stat.useItem.minecraft.lava_bucket":1,"stat.pickup.minecraft.log":1,"stat.mineBlock.futuremc.smoker":2,"stat.craftItem.zawa.large_meat_cooked":3,"stat.drop.minecraft.iron_chestplate":1,"stat.pickup.minecraft.stone":7,"stat.craftItem.minecraft.iron_chestplate":1,"stat.pickup.minecraft.chicken":2,"stat.useItem.zawa.large_meat_cooked":3,"stat.pickup.minecraft.wooden_door":2,"stat.killEntity.srmonstress.aloe":1,"stat.killEntity.Skeleton":10,"stat.craftItem.minecraft.bucket":1,"stat.craftItem.minecraft.planks":332,"stat.useItem.minecraft.iron_sword":225,"stat.killEntity.Chicken":2,"stat.killEntity.Spider":1,"stat.pickup.minecraft.bread":1,"stat.drop.biomesoplenty.flower_0":2,"stat.craftItem.nocubessrparmory.pestilentpart":6,"stat.mobKills":84,"stat.mineBlock.minecraft.log":1,"stat.craftItem.minecraft.cooked_chicken":2,"stat.useItem.minecraft.stone_hoe":77,"stat.killEntity.srmonstress.heartdemon":1,"stat.pickup.minecraft.water_bucket":1,"stat.pickup.minecraft.beetroot_seeds":3,"stat.mineBlock.minecraft.leaves":1,"stat.pickup.minecraft.torch":17,"stat.sneakTime":7515,"stat.pickup.minecraft.wool":8,"stat.drop.minecraft.arrow":2,"stat.useItem.minecraft.baked_potato":3,"stat.drop.zawa.care_guide":2,"stat.craftItem.nocubessrparmory.pestilentarmorbody":1,"stat.mineBlock.minecraft.stone":599}