{"stat.chestOpened":3,"stat.drop.minecraft.stone_pickaxe":1,"stat.pickup.minecraft.bone":2,"stat.leaveGame":3,"stat.pickup.minecraft.arrow":2,"stat.mineBlock.minecraft.cobblestone":3,"stat.pickup.minecraft.stone_pickaxe":1,"stat.mineBlock.minecraft.stained_glass_pane":8,"stat.mineBlock.minecraft.stained_glass":12,"stat.swimOneCm":4147,"stat.jump":662,"stat.pickup.minecraft.coal":26,"stat.fallOneCm":20274,"stat.climbOneCm":1620,"stat.useItem.minecraft.planks":43,"stat.useItem.minecraft.stone_axe":13,"stat.crouchOneCm":3647,"stat.craftItem.minecraft.torch":4,"stat.craftItem.minecraft.iron_ingot":21,"stat.pickup.minecraft.dirt":6,"stat.useItem.minecraft.dirt":3,"stat.useItem.minecraft.stone_slab2":7,"stat.craftingTableInteraction":24,"stat.pickup.minecraft.iron_ore":38,"stat.pickup.minecraft.sand":3,"stat.craftItem.minecraft.furnace":2,"stat.craftItem.minecraft.stone_axe":1,"stat.mineBlock.minecraft.log2":1,"stat.damageTaken":1219,"stat.pickup.minecraft.leather":11,"stat.craftItem.minecraft.stone_pickaxe":1,"stat.mineBlock.minecraft.furnace":1,"stat.craftItem.minecraft.cooked_beef":9,"stat.useItem.minecraft.wooden_pickaxe":8,"stat.mineBlock.biomesoplenty.double_plant":2,"stat.pickup.minecraft.cobblestone":45,"stat.pickup.minecraft.log2":1,"stat.pickup.minecraft.planks":5,"stat.pickup.minecraft.reeds":6,"stat.craftItem.minecraft.stone_sword":1,"stat.flyOneCm":142713,"stat.pickup.dynamictrees.spruceseed":1,"stat.mineBlock.minecraft.sand":1,"stat.drop.minecraft.sand":3,"stat.useItem.minecraft.stone_pickaxe":81,"stat.useItem.minecraft.cooked_beef":9,"stat.craftItem.minecraft.iron_leggings":1,"stat.useItem.minecraft.stone_sword":52,"stat.damageDealt":2556,"stat.mineBlock.minecraft.iron_ore":38,"stat.timeSinceDeath":37418,"stat.killEntity.Cow":7,"stat.mineBlock.minecraft.dirt":8,"stat.useItem.minecraft.iron_pickaxe":31,"stat.pickup.minecraft.stained_hardened_clay":3,"stat.craftItem.minecraft.wooden_pickaxe":1,"stat.craftItem.minecraft.iron_sword":1,"stat.walkOneCm":89115,"stat.useItem.minecraft.torch":3,"stat.useItem.minecraft.bread":1,"stat.playerKills":1,"stat.pickup.minecraft.stick":8,"stat.useItem.minecraft.cobblestone":15,"stat.pickup.minecraft.stonebrick":5,"stat.furnaceInteraction":42,"stat.craftItem.minecraft.crafting_table":2,"stat.mineBlock.minecraft.coal_ore":26,"stat.pickup.minecraft.log":24,"stat.drop.minecraft.stonebrick":4,"stat.pickup.minecraft.beef":17,"stat.pickup.minecraft.furnace":1,"stat.craftItem.minecraft.stone_slab2":0,"stat.pickup.minecraft.stone":2,"stat.craftItem.minecraft.iron_chestplate":1,"stat.mineBlock.minecraft.stained_hardened_clay":3,"stat.sprintOneCm":119850,"stat.drop.minecraft.leather":1,"stat.craftItem.minecraft.stick":4,"stat.killEntity.Skeleton":2,"stat.mineBlock.minecraft.stonebrick":3,"stat.craftItem.minecraft.planks":96,"stat.useItem.minecraft.iron_sword":1,"stat.pickup.minecraft.stone_sword":1,"stat.mobKills":17,"stat.pickup.dynamictrees.oakseed":4,"stat.pickup.minecraft.book":9,"stat.mineBlock.minecraft.bookshelf":3,"stat.deaths":2,"stat.mineBlock.minecraft.planks":5,"stat.drop":7,"stat.pickup.minecraft.egg":2,"stat.playOneMinute":47233,"stat.sneakTime":1214,"stat.craftItem.minecraft.iron_pickaxe":1,"stat.killEntity.Zombie":6,"stat.mineBlock.minecraft.stone":46,"stat.diveOneCm":3749}