{"stat.drop.minecraft.stone_pickaxe":3,"stat.pickup.minecraft.bone":1,"stat.mineBlock.minecraft.cobblestone":10,"stat.pickup.minecraft.stone_pickaxe":3,"stat.mineBlock.srparasites.gore":6,"stat.useItem.zawa.bird_meat_cooked":2,"stat.swimOneCm":28558,"stat.pickup.zawa.worm":6,"stat.useItem.minecraft.planks":11,"stat.pickup.minecraft.glowstone_dust":2,"stat.useItem.minecraft.dirt":180,"stat.useItem.minecraft.stone_slab2":25,"stat.pickup.zawa.bird_meat":2,"stat.pickup.minecraft.iron_boots":2,"stat.useItem.minecraft.water_bucket":1,"stat.pickup.minecraft.rotten_flesh":8,"stat.craftItem.minecraft.furnace":2,"stat.craftItem.minecraft.stone_axe":1,"stat.craftItem.minecraft.iron_boots":1,"stat.craftItem.minecraft.stone_pickaxe":4,"stat.pickup.minecraft.cobblestone":442,"stat.useItem.minecraft.stone_shovel":131,"stat.flyOneCm":218846,"stat.pickup.biomesoplenty.mushroom":4,"stat.killEntity.srmonstress.patrolman":3,"stat.killEntity.Witch":1,"stat.craftItem.minecraft.wooden_hoe":1,"stat.pickup.nocubessrparmory.pestilentpart":2,"stat.mineBlock.minecraft.iron_ore":52,"stat.timeSinceDeath":11643,"stat.craftItem.minecraft.wooden_pickaxe":4,"stat.pickup.minecraft.mutton":6,"stat.pickup.minecraft.double_plant":1,"stat.useItem.minecraft.potato":30,"stat.entityKilledBy.srmonstress.aloe":1,"stat.pickup.minecraft.wooden_shovel":1,"stat.furnaceInteraction":33,"stat.killEntity.ZombieVillager":1,"stat.mineBlock.minecraft.coal_ore":31,"stat.pickup.srparasites.lurecomponent1":13,"stat.killEntity.Creeper":2,"stat.talkedToVillager":8,"stat.craftItem.minecraft.stone_hoe":1,"stat.pickup.zawa.large_meat_raw":1,"stat.pickup.minecraft.furnace":2,"stat.useItem.minecraft.cooked_mutton":3,"stat.craftItem.zawa.bird_meat_cooked":2,"stat.craftItem.minecraft.stone_slab2":0,"stat.sprintOneCm":250829,"stat.pickup.biomesoplenty.flower_0":2,"stat.pickup.minecraft.iron_chestplate":2,"stat.craftItem.minecraft.stick":40,"stat.mineBlock.biomesoplenty.mushroom":1,"stat.useItem.minecraft.carrot":42,"stat.useItem.minecraft.wooden_shovel":59,"stat.entityKilledBy.Creeper":1,"stat.pickup.minecraft.sugar":6,"stat.deaths":3,"stat.drop":12,"stat.playOneMinute":66863,"stat.craftItem.minecraft.wooden_shovel":1,"stat.killEntity.Sheep":2,"stat.killEntity.Zombie":7,"stat.pickup.zawa.care_guide":2,"stat.mineBlock.minecraft.tallgrass":1,"stat.craftItem.minecraft.cooked_mutton":3,"stat.diveOneCm":17351,"stat.chestOpened":13,"stat.useItem.minecraft.stone":2,"stat.drop.minecraft.wooden_pickaxe":1,"stat.pickup.minecraft.gravel":6,"stat.pickup.minecraft.arrow":10,"stat.pickup.minecraft.iron_sword":2,"stat.pickup.minecraft.stone_axe":2,"stat.craftItem.minecraft.iron_hoe":1,"stat.jump":1799,"stat.useItem.minecraft.wooden_hoe":59,"stat.pickup.minecraft.coal":79,"stat.pickup.minecraft.iron_helmet":2,"stat.fallOneCm":38115,"stat.pickup.minecraft.carrot":54,"stat.useItem.minecraft.stone_axe":91,"stat.pickup.minecraft.gunpowder":3,"stat.crouchOneCm":34557,"stat.craftItem.minecraft.torch":24,"stat.craftItem.minecraft.iron_ingot":42,"stat.craftItem.minecraft.chest":2,"stat.pickup.minecraft.dirt":245,"stat.craftItem.minecraft.iron_helmet":1,"stat.useItem.minecraft.iron_hoe":50,"stat.craftingTableInteraction":32,"stat.pickup.minecraft.iron_ore":104,"stat.mineBlock.minecraft.log2":70,"stat.drop.minecraft.double_plant":1,"stat.damageTaken":1704,"stat.pickup.minecraft.feather":10,"stat.pickup.minecraft.leather":4,"stat.mineBlock.minecraft.torch":2,"stat.mineBlock.minecraft.furnace":1,"stat.useItem.minecraft.wooden_pickaxe":123,"stat.pickup.srparasites.assimilated_flesh":3,"stat.mineBlock.biomesoplenty.plant_1":1,"stat.pickup.minecraft.log2":102,"stat.mineBlock.biomesoplenty.plant_0":3,"stat.pickup.minecraft.planks":151,"stat.pickup.minecraft.reeds":25,"stat.pickup.biomesoplenty.plant_1":5,"stat.pickup.minecraft.iron_leggings":2,"stat.pickup.minecraft.wheat_seeds":3,"stat.pickup.minecraft.potato":31,"stat.useItem.minecraft.stone_pickaxe":397,"stat.craftItem.minecraft.iron_leggings":1,"stat.damageDealt":4954,"stat.mineBlock.minecraft.dirt":197,"stat.craftItem.minecraft.iron_sword":1,"stat.pickup.minecraft.poisonous_potato":1,"stat.craftItem.minecraft.stone_shovel":1,"stat.walkOneCm":131528,"stat.useItem.minecraft.torch":21,"stat.useItem.minecraft.chest":1,"stat.pickup.minecraft.stick":4,"stat.drop.minecraft.rotten_flesh":5,"stat.useItem.minecraft.cobblestone":389,"stat.craftItem.minecraft.crafting_table":5,"stat.useItem.minecraft.gravel":2,"stat.mineBlock.minecraft.double_plant":1,"stat.craftItem.zawa.large_meat_cooked":1,"stat.pickup.minecraft.stone":4,"stat.craftItem.minecraft.iron_chestplate":1,"stat.useItem.zawa.large_meat_cooked":1,"stat.pickup.minecraft.wooden_door":1,"stat.killEntity.srmonstress.aloe":1,"stat.killEntity.Skeleton":1,"stat.craftItem.minecraft.bucket":1,"stat.craftItem.minecraft.planks":312,"stat.useItem.minecraft.iron_sword":50,"stat.pickup.minecraft.bread":1,"stat.drop.biomesoplenty.flower_0":2,"stat.mobKills":35,"stat.useItem.minecraft.stone_hoe":76,"stat.pickup.minecraft.water_bucket":1,"stat.pickup.minecraft.torch":17,"stat.sneakTime":6425,"stat.pickup.minecraft.wool":8,"stat.drop.minecraft.arrow":2,"stat.drop.zawa.care_guide":2,"stat.mineBlock.minecraft.stone":424}