{"stat.walkOneCm":37482,"stat.craftItem.minecraft.planks":36,"stat.killEntity.Chicken":1,"stat.leaveGame":1,"stat.damageTaken":533,"stat.pickup.minecraft.leather":2,"stat.useItem.minecraft.chicken":1,"stat.craftItem.minecraft.crafting_table":1,"stat.useItem.minecraft.wooden_pickaxe":24,"stat.mobKills":3,"stat.pickup.minecraft.cobblestone":5,"stat.craftItem.minecraft.wooden_sword":1,"stat.useItem.minecraft.beef":2,"stat.pickup.minecraft.log":9,"stat.flyOneCm":2515,"stat.deaths":1,"stat.pickup.dynamictrees.spruceseed":2,"stat.jump":123,"stat.swimOneCm":154,"stat.playOneMinute":17815,"stat.fallOneCm":4825,"stat.useItem.minecraft.wooden_sword":9,"stat.pickup.minecraft.beef":2,"stat.mineBlock.minecraft.gravel":1,"stat.sneakTime":351,"stat.damageDealt":351,"stat.pickup.minecraft.stone":17,"stat.crouchOneCm":1578,"stat.pickup.minecraft.chicken":1,"stat.timeSinceDeath":10370,"stat.pickup.minecraft.dirt":8,"stat.killEntity.Cow":2,"stat.useItem.minecraft.dirt":3,"stat.sprintOneCm":8549,"stat.mineBlock.minecraft.dirt":7,"stat.useItem.minecraft.stone_slab2":3,"stat.craftItem.minecraft.wooden_pickaxe":1,"stat.mineBlock.minecraft.stone":23,"stat.diveOneCm":2705,"stat.craftItem.minecraft.stick":4,"stat.craftingTableInteraction":3}