{"stat.mineBlock.biomesoplenty.log_2":1,"stat.walkOneCm":99436,"stat.mineBlock.biomesoplenty.leaves_1":27,"stat.pickup.minecraft.wooden_axe":1,"stat.pickup.biomesoplenty.sapling_0":4,"stat.pickup.minecraft.wooden_shovel":1,"stat.craftItem.minecraft.crafting_table":1,"stat.mineBlock.minecraft.double_plant":1,"stat.mineBlock.futuremc.cornflower":1,"stat.useItem.zawa.bird_meat_cooked":1,"stat.mineBlock.biomesoplenty.planks_0":2,"stat.pickup.minecraft.log":20,"stat.craftItem.biomesoplenty.planks_0":12,"stat.pickup.biomesoplenty.planks_0":73,"stat.jump":541,"stat.swimOneCm":3611,"stat.drop.biomesoplenty.sapling_0":2,"stat.fallOneCm":13278,"stat.useItem.minecraft.planks":17,"stat.useItem.minecraft.cooked_mutton":1,"stat.craftItem.zawa.bird_meat_cooked":1,"stat.craftItem.minecraft.stone_slab2":0,"stat.crouchOneCm":9050,"stat.pickup.minecraft.sapling":4,"stat.pickup.biomesoplenty.flower_1":2,"stat.pickup.minecraft.dirt":25,"stat.useItem.minecraft.dirt":1,"stat.sprintOneCm":68992,"stat.useItem.minecraft.stone_slab2":5,"stat.mineBlock.biomesoplenty.log_0":7,"stat.pickup.zawa.bird_meat":2,"stat.craftItem.minecraft.stick":8,"stat.craftItem.minecraft.wooden_axe":1,"stat.craftingTableInteraction":4,"stat.pickup.biomesoplenty.log_0":7,"stat.craftItem.minecraft.planks":56,"stat.pickup.biomesoplenty.log_2":1,"stat.drop.zawa.bird_meat":1,"stat.pickup.futuremc.cornflower":1,"stat.pickup.minecraft.wooden_pickaxe":1,"stat.damageTaken":1016,"stat.pickup.minecraft.feather":4,"stat.useItem.minecraft.wooden_shovel":19,"stat.mobKills":3,"stat.pickup.minecraft.cobblestone":50,"stat.craftItem.minecraft.wooden_sword":1,"stat.mineBlock.biomesoplenty.plant_0":5,"stat.mineBlock.minecraft.log":19,"stat.pickup.minecraft.reeds":2,"stat.flyOneCm":83274,"stat.deaths":3,"stat.drop":3,"stat.pickup.minecraft.wheat_seeds":1,"stat.pickup.zawa.fur":2,"stat.mineBlock.minecraft.leaves":1,"stat.playOneMinute":23281,"stat.useItem.minecraft.wooden_sword":18,"stat.entityKilledBy.Zombie":1,"stat.craftItem.minecraft.wooden_shovel":1,"stat.drop.futuremc.smoker":1,"stat.killEntity.Sheep":1,"stat.sneakTime":2473,"stat.pickup.minecraft.wool":1,"stat.damageDealt":655,"stat.pickup.zawa.bush_meat_raw":1,"stat.pickup.zawa.care_guide":2,"stat.timeSinceDeath":3318,"stat.useItem.minecraft.wooden_axe":8,"stat.mineBlock.minecraft.dirt":12,"stat.craftItem.minecraft.wooden_pickaxe":1,"stat.mineBlock.minecraft.tallgrass":8,"stat.craftItem.minecraft.cooked_mutton":1,"stat.diveOneCm":19355,"stat.pickup.minecraft.mutton":1,"stat.pickup.futuremc.smoker":1}