{"stat.craftItem.minecraft.stone_shovel":1,"stat.mineBlock.biomesoplenty.log_2":1,"stat.walkOneCm":128192,"stat.mineBlock.biomesoplenty.leaves_1":47,"stat.pickup.minecraft.wooden_axe":1,"stat.mineBlock.minecraft.cobblestone":1,"stat.pickup.biomesoplenty.sapling_0":4,"stat.pickup.minecraft.wooden_shovel":1,"stat.craftItem.minecraft.crafting_table":1,"stat.furnaceInteraction":4,"stat.mineBlock.minecraft.double_plant":1,"stat.mineBlock.futuremc.cornflower":1,"stat.useItem.zawa.bird_meat_cooked":1,"stat.mineBlock.biomesoplenty.planks_0":2,"stat.pickup.minecraft.log":24,"stat.craftItem.biomesoplenty.planks_0":268,"stat.pickup.biomesoplenty.planks_0":73,"stat.jump":660,"stat.swimOneCm":4194,"stat.drop.biomesoplenty.sapling_0":2,"stat.pickup.zawa.worm":1,"stat.fallOneCm":19411,"stat.useItem.minecraft.planks":17,"stat.craftItem.minecraft.shield":1,"stat.useItem.minecraft.cooked_mutton":1,"stat.craftItem.zawa.bird_meat_cooked":1,"stat.craftItem.minecraft.stone_slab2":0,"stat.crouchOneCm":34586,"stat.craftItem.minecraft.iron_ingot":2,"stat.pickup.minecraft.sapling":4,"stat.pickup.biomesoplenty.flower_1":2,"stat.pickup.minecraft.dirt":226,"stat.useItem.minecraft.dirt":134,"stat.sprintOneCm":86724,"stat.useItem.minecraft.stone_slab2":11,"stat.mineBlock.biomesoplenty.log_0":66,"stat.pickup.zawa.bird_meat":2,"stat.craftItem.minecraft.stick":16,"stat.craftItem.minecraft.wooden_axe":2,"stat.craftingTableInteraction":12,"stat.pickup.biomesoplenty.log_0":66,"stat.craftItem.minecraft.planks":72,"stat.pickup.biomesoplenty.log_2":1,"stat.drop.zawa.bird_meat":1,"stat.pickup.futuremc.cornflower":1,"stat.pickup.minecraft.wooden_pickaxe":1,"stat.useItem.biomesoplenty.planks_0":232,"stat.damageTaken":1336,"stat.pickup.minecraft.feather":4,"stat.useItem.minecraft.wooden_pickaxe":1,"stat.useItem.minecraft.wooden_shovel":19,"stat.mobKills":5,"stat.pickup.minecraft.cobblestone":51,"stat.craftItem.minecraft.wooden_sword":2,"stat.mineBlock.biomesoplenty.plant_0":8,"stat.mineBlock.minecraft.log":23,"stat.pickup.minecraft.reeds":2,"stat.useItem.minecraft.stone_shovel":9,"stat.flyOneCm":102212,"stat.deaths":4,"stat.craftItem.minecraft.iron_shovel":1,"stat.drop":3,"stat.pickup.minecraft.wheat_seeds":1,"stat.pickup.zawa.fur":2,"stat.mineBlock.minecraft.leaves":5,"stat.playOneMinute":34981,"stat.useItem.minecraft.wooden_sword":21,"stat.entityKilledBy.Zombie":1,"stat.craftItem.minecraft.wooden_shovel":1,"stat.drop.futuremc.smoker":1,"stat.killEntity.Sheep":2,"stat.sneakTime":6908,"stat.pickup.minecraft.wool":2,"stat.damageDealt":835,"stat.pickup.zawa.bush_meat_raw":1,"stat.pickup.zawa.care_guide":2,"stat.timeSinceDeath":10335,"stat.useItem.minecraft.wooden_axe":67,"stat.pickup.minecraft.yellow_flower":2,"stat.mineBlock.minecraft.dirt":216,"stat.craftItem.minecraft.wooden_pickaxe":1,"stat.mineBlock.minecraft.tallgrass":10,"stat.craftItem.minecraft.cooked_mutton":1,"stat.diveOneCm":19567,"stat.pickup.minecraft.mutton":2,"stat.useItem.minecraft.iron_shovel":202,"stat.pickup.futuremc.smoker":1}