{"stat.chestOpened":14,"stat.pickup.minecraft.bone":3,"stat.useItem.minecraft.stone":1,"stat.useItem.minecraft.iron_axe":39,"stat.mineBlock.minecraft.cobblestone":7,"stat.pickup.biomesoplenty.fir_door":2,"stat.pickup.minecraft.stone_pickaxe":6,"stat.drop.zawa.rat_cooked":1,"stat.craftItem.minecraft.iron_axe":1,"stat.useItem.zawa.bird_meat_cooked":2,"stat.craftItem.biomesoplenty.planks_0":268,"stat.useItem.zawa.rat_cooked":2,"stat.swimOneCm":4712,"stat.jump":1099,"stat.pickup.zawa.worm":3,"stat.pickup.minecraft.coal":3,"stat.fallOneCm":29556,"stat.useItem.minecraft.planks":17,"stat.craftItem.minecraft.shield":1,"stat.pickup.minecraft.iron_ingot":7,"stat.crouchOneCm":38277,"stat.craftItem.minecraft.iron_ingot":11,"stat.craftItem.minecraft.torch":8,"stat.craftItem.minecraft.chest":1,"stat.pickup.minecraft.dirt":237,"stat.useItem.minecraft.dirt":189,"stat.useItem.minecraft.stone_slab2":16,"stat.pickup.zawa.bird_meat":3,"stat.craftingTableInteraction":29,"stat.pickup.minecraft.iron_ore":17,"stat.pickup.minecraft.wooden_pickaxe":1,"stat.damageTaken":1824,"stat.pickup.minecraft.feather":5,"stat.craftItem.zawa.rat_cooked":3,"stat.mineBlock.minecraft.torch":4,"stat.useItem.minecraft.wooden_pickaxe":1,"stat.pickup.minecraft.cobblestone":268,"stat.craftItem.minecraft.wooden_sword":2,"stat.mineBlock.biomesoplenty.plant_0":8,"stat.pickup.minecraft.reeds":2,"stat.useItem.minecraft.stone_shovel":9,"stat.flyOneCm":158909,"stat.craftItem.minecraft.iron_shovel":1,"stat.pickup.minecraft.wheat_seeds":1,"stat.entityKilledBy.Zombie":1,"stat.drop.futuremc.smoker":1,"stat.useItem.minecraft.stone_sword":7,"stat.damageDealt":1680,"stat.pickup.zawa.bush_meat_raw":1,"stat.mineBlock.minecraft.iron_ore":11,"stat.timeSinceDeath":1831,"stat.mineBlock.minecraft.dirt":227,"stat.useItem.minecraft.iron_pickaxe":318,"stat.craftItem.minecraft.wooden_pickaxe":1,"stat.pickup.zawa.large_meat_cooked":1,"stat.pickup.minecraft.mutton":2,"stat.useItem.minecraft.iron_shovel":211,"stat.pickup.futuremc.smoker":1,"stat.mineBlock.biomesoplenty.leaves_0":6,"stat.craftItem.minecraft.stone_shovel":1,"stat.mineBlock.biomesoplenty.log_2":1,"stat.walkOneCm":193951,"stat.useItem.minecraft.torch":7,"stat.mineBlock.biomesoplenty.leaves_1":47,"stat.pickup.minecraft.stick":1,"stat.pickup.minecraft.wooden_axe":1,"stat.pickup.minecraft.crafting_table":1,"stat.pickup.biomesoplenty.sapling_0":6,"stat.pickup.minecraft.wooden_shovel":1,"stat.useItem.minecraft.cobblestone":66,"stat.craftItem.minecraft.crafting_table":1,"stat.furnaceInteraction":28,"stat.mineBlock.minecraft.double_plant":1,"stat.mineBlock.futuremc.cornflower":1,"stat.mineBlock.minecraft.coal_ore":3,"stat.pickup.srparasites.lurecomponent1":1,"stat.mineBlock.biomesoplenty.planks_0":14,"stat.pickup.minecraft.log":34,"stat.pickup.biomesoplenty.planks_0":83,"stat.drop.biomesoplenty.sapling_0":2,"stat.pickup.minecraft.iron_pickaxe":1,"stat.useItem.minecraft.cooked_mutton":1,"stat.craftItem.zawa.bird_meat_cooked":2,"stat.craftItem.minecraft.stone_slab2":0,"stat.pickup.minecraft.stone":9,"stat.pickup.zawa.blubber":5,"stat.pickup.minecraft.sapling":4,"stat.useItem.zawa.large_meat_cooked":1,"stat.pickup.biomesoplenty.flower_1":2,"stat.sprintOneCm":171154,"stat.entityKilledBy.Enderman":1,"stat.mineBlock.biomesoplenty.log_0":66,"stat.craftItem.minecraft.stick":24,"stat.craftItem.minecraft.wooden_axe":2,"stat.pickup.biomesoplenty.log_0":66,"stat.craftItem.minecraft.planks":92,"stat.pickup.biomesoplenty.log_2":1,"stat.drop.zawa.bird_meat":1,"stat.pickup.futuremc.cornflower":1,"stat.useItem.biomesoplenty.planks_0":233,"stat.mineBlock.minecraft.crafting_table":1,"stat.pickup.minecraft.stone_sword":1,"stat.pickup.zawa.rat_cooked":1,"stat.useItem.minecraft.wooden_shovel":19,"stat.mobKills":10,"stat.mineBlock.minecraft.log":33,"stat.deaths":6,"stat.drop":4,"stat.pickup.zawa.fur":2,"stat.mineBlock.minecraft.leaves":5,"stat.playOneMinute":59281,"stat.useItem.minecraft.wooden_sword":21,"stat.craftItem.minecraft.wooden_shovel":1,"stat.pickup.minecraft.torch":4,"stat.killEntity.Sheep":2,"stat.sneakTime":8414,"stat.craftItem.minecraft.iron_pickaxe":2,"stat.pickup.minecraft.wool":2,"stat.pickup.zawa.care_guide":2,"stat.useItem.minecraft.wooden_axe":67,"stat.pickup.minecraft.yellow_flower":2,"stat.mineBlock.minecraft.stone":299,"stat.mineBlock.minecraft.tallgrass":12,"stat.craftItem.minecraft.cooked_mutton":1,"stat.diveOneCm":20577}