{"stat.useItem.minecraft.bow":12,"stat.pickup.minecraft.bone":20,"stat.useItem.minecraft.iron_axe":84,"stat.leaveGame":1,"stat.mineBlock.minecraft.cobblestone":49,"stat.pickup.biomesoplenty.fir_door":2,"stat.pickup.minecraft.stone_pickaxe":7,"stat.drop.zawa.rat_cooked":1,"stat.killEntity.betteranimalsplus.goat":2,"stat.craftItem.minecraft.iron_axe":1,"stat.mineBlock.srparasites.gore":1,"stat.useItem.zawa.bird_meat_cooked":3,"stat.craftItem.zawa.reptile_meat_cooked":4,"stat.mineBlock.minecraft.sandstone":2,"stat.useItem.zawa.rat_cooked":3,"stat.swimOneCm":22520,"stat.pickup.zawa.worm":3,"stat.craftItem.zawa.bush_meat_cooked":1,"stat.useItem.minecraft.planks":17,"stat.craftItem.minecraft.shield":2,"stat.pickup.minecraft.cooked_porkchop":1,"stat.pickup.minecraft.porkchop":6,"stat.useItem.minecraft.dirt":302,"stat.useItem.minecraft.stone_slab2":62,"stat.pickup.minecraft.bow":3,"stat.pickup.zawa.bird_meat":3,"stat.pickup.minecraft.rotten_flesh":23,"stat.pickup.zawa.carnivore_meat_raw":2,"stat.craftItem.minecraft.iron_boots":1,"stat.craftItem.zawa.rat_cooked":3,"stat.useItem.minecraft.iron_ore":7,"stat.mineBlock.zawa.dried_bamboo":1,"stat.craftItem.minecraft.cooked_beef":11,"stat.pickup.minecraft.cobblestone":2534,"stat.pickup.futuremc.sweet_berries":1,"stat.useItem.minecraft.stone_shovel":9,"stat.flyOneCm":524623,"stat.craftItem.minecraft.iron_shovel":2,"stat.pickup.minecraft.glass_bottle":1,"stat.killEntity.srmonstress.patrolman":4,"stat.killEntity.Witch":1,"stat.useItem.minecraft.cooked_beef":10,"stat.drop.spartanweaponry.boomerang_iron":2,"stat.useItem.zawa.carnivore_meat_cooked":2,"stat.mineBlock.minecraft.iron_ore":73,"stat.timeSinceDeath":9109,"stat.useItem.minecraft.iron_pickaxe":2233,"stat.craftItem.minecraft.wooden_pickaxe":1,"stat.pickup.minecraft.mutton":6,"stat.useItem.minecraft.iron_shovel":453,"stat.pickup.futuremc.smoker":2,"stat.mineBlock.biomesoplenty.log_2":11,"stat.pickup.minecraft.double_plant":1,"stat.craftItem.spartanweaponry.boomerang_iron":1,"stat.useItem.minecraft.potato":43,"stat.pickup.minecraft.wooden_axe":1,"stat.pickup.minecraft.wooden_shovel":1,"stat.furnaceInteraction":168,"stat.useItem.minecraft.cooked_porkchop":4,"stat.mineBlock.futuremc.cornflower":1,"stat.mineBlock.minecraft.coal_ore":48,"stat.pickup.srparasites.lurecomponent1":11,"stat.killEntity.Creeper":2,"stat.talkedToVillager":5,"stat.pickup.minecraft.string":1,"stat.pickup.minecraft.beef":18,"stat.useItem.minecraft.cooked_mutton":5,"stat.pickup.minecraft.furnace":20,"stat.pickup.zawa.large_meat_raw":8,"stat.craftItem.zawa.bird_meat_cooked":3,"stat.craftItem.minecraft.stone_slab2":0,"stat.pickup.zawa.reptile_meat_raw":4,"stat.pickup.zawa.blubber":10,"stat.pickup.biomesoplenty.flower_1":2,"stat.sprintOneCm":536515,"stat.mineBlock.biomesoplenty.log_0":66,"stat.useItem.minecraft.stone_stairs":46,"stat.craftItem.minecraft.stick":56,"stat.craftItem.minecraft.wooden_axe":2,"stat.pickup.minecraft.stone_stairs":2,"stat.craftItem.zawa.carnivore_meat_cooked":2,"stat.mineBlock.minecraft.crafting_table":3,"stat.useItem.minecraft.carrot":4,"stat.killEntity.betteranimalsplus.zotzpyre":1,"stat.useItem.minecraft.wooden_shovel":19,"stat.useItem.minecraft.dye":32,"stat.deaths":8,"stat.drop":9,"stat.pickup.zawa.fur":12,"stat.playOneMinute":202556,"stat.useItem.minecraft.wooden_sword":21,"stat.craftItem.minecraft.wooden_shovel":1,"stat.killEntity.Sheep":2,"stat.craftItem.minecraft.iron_pickaxe":9,"stat.killEntity.Zombie":9,"stat.pickup.zawa.care_guide":2,"stat.craftItem.minecraft.dye":33,"stat.drop.minecraft.iron_ingot":7,"stat.mineBlock.minecraft.gold_ore":6,"stat.mineBlock.minecraft.tallgrass":27,"stat.craftItem.minecraft.cooked_mutton":5,"stat.diveOneCm":44226,"stat.chestOpened":68,"stat.useItem.minecraft.stone":3,"stat.useItem.spartanweaponry.boomerang_iron":50,"stat.pickup.minecraft.arrow":17,"stat.pickup.minecraft.waterlily":2,"stat.craftItem.minecraft.cooked_porkchop":3,"stat.drop.minecraft.cooked_beef":2,"stat.useItem.minecraft.rotten_flesh":4,"stat.craftItem.biomesoplenty.planks_0":304,"stat.jump":3728,"stat.pickup.minecraft.coal":166,"stat.fallOneCm":85290,"stat.pickup.minecraft.iron_ingot":15,"stat.pickup.zawa.tiger_fur":3,"stat.pickup.minecraft.carrot":113,"stat.pickup.minecraft.gunpowder":1,"stat.crouchOneCm":154955,"stat.pickup.zawa.tortoise_shell":1,"stat.craftItem.minecraft.iron_ingot":58,"stat.craftItem.minecraft.torch":24,"stat.craftItem.minecraft.chest":2,"stat.pickup.minecraft.dirt":496,"stat.craftItem.minecraft.iron_helmet":1,"stat.useItem.zawa.reptile_meat_cooked":4,"stat.craftingTableInteraction":51,"stat.pickup.minecraft.iron_ore":97,"stat.boatOneCm":175115,"stat.pickup.minecraft.gold_ore":4,"stat.mineBlock.minecraft.glass_pane":3,"stat.pickup.minecraft.wooden_pickaxe":1,"stat.mineBlock.minecraft.stone_stairs":2,"stat.damageTaken":5041,"stat.pickup.minecraft.feather":5,"stat.pickup.minecraft.leather":9,"stat.useItem.futuremc.sweet_berries":1,"stat.mineBlock.minecraft.torch":5,"stat.mineBlock.minecraft.furnace":20,"stat.mineBlock.minecraft.red_flower":1,"stat.useItem.minecraft.wooden_pickaxe":1,"stat.useItem.minecraft.furnace":16,"stat.craftItem.minecraft.wooden_sword":2,"stat.pickup.srparasites.assimilated_flesh":1,"stat.mineBlock.biomesoplenty.plant_0":28,"stat.pickup.minecraft.planks":4,"stat.pickup.minecraft.reeds":2,"stat.pickup.biomesoplenty.plant_1":1,"stat.pickup.minecraft.wheat_seeds":23,"stat.pickup.minecraft.potato":123,"stat.entityKilledBy.Zombie":1,"stat.mineBlock.minecraft.gravel":1,"stat.drop.futuremc.smoker":1,"stat.useItem.minecraft.stone_pickaxe":634,"stat.useItem.minecraft.stone_sword":25,"stat.craftItem.minecraft.iron_leggings":1,"stat.pickup.biomesoplenty.waterlily":2,"stat.damageDealt":16314,"stat.pickup.zawa.bush_meat_raw":2,"stat.useItem.biomesoplenty.berries":3,"stat.mineBlock.minecraft.dirt":468,"stat.pickup.zawa.large_meat_cooked":1,"stat.killEntity.Pig":2,"stat.pickup.biomesoplenty.persimmon":1,"stat.craftItem.minecraft.iron_sword":2,"stat.pickup.minecraft.poisonous_potato":1,"stat.mineBlock.biomesoplenty.leaves_0":6,"stat.craftItem.minecraft.stone_shovel":1,"stat.pickup.minecraft.boat":1,"stat.walkOneCm":551551,"stat.useItem.minecraft.torch":20,"stat.mineBlock.biomesoplenty.leaves_1":47,"stat.pickup.minecraft.stick":1,"stat.craftItem.minecraft.stone_stairs":64,"stat.pickup.minecraft.crafting_table":3,"stat.pickup.biomesoplenty.sapling_0":6,"stat.useItem.minecraft.cobblestone":1895,"stat.craftItem.minecraft.crafting_table":3,"stat.mineBlock.minecraft.double_plant":2,"stat.mineBlock.biomesoplenty.planks_0":14,"stat.pickup.minecraft.log":44,"stat.useItem.zawa.bush_meat_cooked":4,"stat.pickup.biomesoplenty.planks_0":107,"stat.mineBlock.futuremc.smoker":1,"stat.drop.biomesoplenty.sapling_0":2,"stat.pickup.minecraft.iron_pickaxe":1,"stat.craftItem.zawa.large_meat_cooked":8,"stat.pickup.minecraft.stone":144,"stat.craftItem.minecraft.iron_chestplate":1,"stat.pickup.minecraft.chicken":1,"stat.pickup.minecraft.sapling":6,"stat.useItem.zawa.large_meat_cooked":9,"stat.entityKilledBy.Enderman":1,"stat.pickup.minecraft.cooked_beef":1,"stat.killEntity.Skeleton":13,"stat.pickup.biomesoplenty.log_0":66,"stat.craftItem.minecraft.planks":116,"stat.pickup.biomesoplenty.log_2":31,"stat.useItem.minecraft.iron_sword":314,"stat.drop.zawa.bird_meat":1,"stat.pickup.futuremc.cornflower":1,"stat.killEntity.Chicken":1,"stat.useItem.biomesoplenty.planks_0":233,"stat.killEntity.Spider":5,"stat.pickup.biomesoplenty.berries":3,"stat.pickup.minecraft.stone_sword":1,"stat.pickup.zawa.rat_cooked":1,"stat.mobKills":92,"stat.mineBlock.minecraft.log":36,"stat.killEntity.srmonstress.heartdemon":1,"stat.useItem.minecraft.boat":1,"stat.mineBlock.minecraft.leaves":6,"stat.pickup.minecraft.torch":6,"stat.pickup.minecraft.red_flower":1,"stat.sneakTime":29158,"stat.pickup.minecraft.wool":2,"stat.useItem.minecraft.wooden_axe":67,"stat.pickup.minecraft.yellow_flower":2,"stat.mineBlock.minecraft.stone":2645}