{"stat.useItem.minecraft.bow":6,"stat.pickup.minecraft.bone":16,"stat.useItem.minecraft.iron_axe":49,"stat.leaveGame":1,"stat.mineBlock.minecraft.cobblestone":10,"stat.pickup.biomesoplenty.fir_door":2,"stat.pickup.minecraft.stone_pickaxe":7,"stat.drop.zawa.rat_cooked":1,"stat.killEntity.betteranimalsplus.goat":2,"stat.craftItem.minecraft.iron_axe":1,"stat.mineBlock.srparasites.gore":1,"stat.useItem.zawa.bird_meat_cooked":3,"stat.craftItem.zawa.reptile_meat_cooked":2,"stat.mineBlock.minecraft.sandstone":2,"stat.useItem.zawa.rat_cooked":3,"stat.swimOneCm":11509,"stat.pickup.zawa.worm":3,"stat.useItem.minecraft.planks":17,"stat.craftItem.minecraft.shield":1,"stat.pickup.minecraft.cooked_porkchop":1,"stat.pickup.minecraft.porkchop":6,"stat.useItem.minecraft.dirt":189,"stat.useItem.minecraft.stone_slab2":18,"stat.pickup.minecraft.bow":3,"stat.pickup.zawa.bird_meat":3,"stat.pickup.minecraft.rotten_flesh":4,"stat.craftItem.minecraft.iron_boots":1,"stat.craftItem.zawa.rat_cooked":3,"stat.useItem.minecraft.iron_ore":3,"stat.pickup.minecraft.cobblestone":479,"stat.useItem.minecraft.stone_shovel":9,"stat.flyOneCm":265871,"stat.craftItem.minecraft.iron_shovel":1,"stat.killEntity.srmonstress.patrolman":2,"stat.mineBlock.minecraft.iron_ore":63,"stat.timeSinceDeath":31900,"stat.useItem.minecraft.iron_pickaxe":495,"stat.craftItem.minecraft.wooden_pickaxe":1,"stat.pickup.minecraft.mutton":6,"stat.useItem.minecraft.iron_shovel":211,"stat.pickup.futuremc.smoker":2,"stat.mineBlock.biomesoplenty.log_2":11,"stat.pickup.minecraft.double_plant":1,"stat.pickup.minecraft.wooden_axe":1,"stat.pickup.minecraft.wooden_shovel":1,"stat.furnaceInteraction":97,"stat.useItem.minecraft.cooked_porkchop":4,"stat.mineBlock.futuremc.cornflower":1,"stat.mineBlock.minecraft.coal_ore":6,"stat.pickup.srparasites.lurecomponent1":4,"stat.useItem.minecraft.cooked_mutton":1,"stat.pickup.minecraft.furnace":7,"stat.pickup.zawa.large_meat_raw":5,"stat.craftItem.zawa.bird_meat_cooked":3,"stat.craftItem.minecraft.stone_slab2":0,"stat.pickup.zawa.reptile_meat_raw":4,"stat.pickup.zawa.blubber":10,"stat.pickup.biomesoplenty.flower_1":2,"stat.sprintOneCm":279362,"stat.mineBlock.biomesoplenty.log_0":66,"stat.craftItem.minecraft.stick":28,"stat.craftItem.minecraft.wooden_axe":2,"stat.mineBlock.minecraft.crafting_table":1,"stat.killEntity.betteranimalsplus.zotzpyre":1,"stat.useItem.minecraft.wooden_shovel":19,"stat.deaths":7,"stat.drop":5,"stat.pickup.zawa.fur":2,"stat.playOneMinute":104456,"stat.useItem.minecraft.wooden_sword":21,"stat.craftItem.minecraft.wooden_shovel":1,"stat.killEntity.Sheep":2,"stat.craftItem.minecraft.iron_pickaxe":3,"stat.killEntity.Zombie":2,"stat.pickup.zawa.care_guide":2,"stat.drop.minecraft.iron_ingot":7,"stat.mineBlock.minecraft.gold_ore":6,"stat.mineBlock.minecraft.tallgrass":20,"stat.craftItem.minecraft.cooked_mutton":1,"stat.diveOneCm":25964,"stat.chestOpened":24,"stat.useItem.minecraft.stone":2,"stat.pickup.minecraft.arrow":11,"stat.craftItem.minecraft.cooked_porkchop":3,"stat.useItem.minecraft.rotten_flesh":4,"stat.craftItem.biomesoplenty.planks_0":268,"stat.jump":2071,"stat.pickup.minecraft.coal":8,"stat.fallOneCm":53027,"stat.pickup.minecraft.iron_ingot":14,"stat.crouchOneCm":43055,"stat.pickup.zawa.tortoise_shell":1,"stat.craftItem.minecraft.iron_ingot":34,"stat.craftItem.minecraft.torch":8,"stat.craftItem.minecraft.chest":1,"stat.pickup.minecraft.dirt":261,"stat.craftItem.minecraft.iron_helmet":1,"stat.useItem.zawa.reptile_meat_cooked":2,"stat.craftingTableInteraction":38,"stat.pickup.minecraft.iron_ore":68,"stat.pickup.minecraft.gold_ore":4,"stat.pickup.minecraft.wooden_pickaxe":1,"stat.damageTaken":2835,"stat.pickup.minecraft.feather":5,"stat.pickup.minecraft.leather":8,"stat.mineBlock.minecraft.torch":4,"stat.mineBlock.minecraft.furnace":7,"stat.mineBlock.minecraft.red_flower":1,"stat.useItem.minecraft.wooden_pickaxe":1,"stat.useItem.minecraft.furnace":3,"stat.craftItem.minecraft.wooden_sword":2,"stat.pickup.srparasites.assimilated_flesh":1,"stat.mineBlock.biomesoplenty.plant_0":12,"stat.pickup.minecraft.reeds":2,"stat.pickup.minecraft.wheat_seeds":6,"stat.entityKilledBy.Zombie":1,"stat.mineBlock.minecraft.gravel":1,"stat.drop.futuremc.smoker":1,"stat.useItem.minecraft.stone_pickaxe":82,"stat.useItem.minecraft.stone_sword":25,"stat.craftItem.minecraft.iron_leggings":1,"stat.damageDealt":7119,"stat.pickup.zawa.bush_meat_raw":2,"stat.mineBlock.minecraft.dirt":228,"stat.pickup.zawa.large_meat_cooked":1,"stat.killEntity.Pig":2,"stat.craftItem.minecraft.iron_sword":1,"stat.mineBlock.biomesoplenty.leaves_0":6,"stat.craftItem.minecraft.stone_shovel":1,"stat.walkOneCm":319862,"stat.useItem.minecraft.torch":11,"stat.mineBlock.biomesoplenty.leaves_1":47,"stat.pickup.minecraft.stick":1,"stat.pickup.minecraft.crafting_table":1,"stat.pickup.biomesoplenty.sapling_0":6,"stat.useItem.minecraft.cobblestone":124,"stat.craftItem.minecraft.crafting_table":2,"stat.mineBlock.minecraft.double_plant":2,"stat.mineBlock.biomesoplenty.planks_0":14,"stat.pickup.minecraft.log":34,"stat.pickup.biomesoplenty.planks_0":105,"stat.mineBlock.futuremc.smoker":1,"stat.drop.biomesoplenty.sapling_0":2,"stat.pickup.minecraft.iron_pickaxe":1,"stat.craftItem.zawa.large_meat_cooked":5,"stat.pickup.minecraft.stone":23,"stat.craftItem.minecraft.iron_chestplate":1,"stat.pickup.minecraft.sapling":5,"stat.useItem.zawa.large_meat_cooked":5,"stat.entityKilledBy.Enderman":1,"stat.killEntity.Skeleton":8,"stat.pickup.biomesoplenty.log_0":66,"stat.craftItem.minecraft.planks":92,"stat.pickup.biomesoplenty.log_2":12,"stat.useItem.minecraft.iron_sword":128,"stat.drop.zawa.bird_meat":1,"stat.pickup.futuremc.cornflower":1,"stat.useItem.biomesoplenty.planks_0":233,"stat.killEntity.Spider":1,"stat.pickup.minecraft.stone_sword":1,"stat.pickup.zawa.rat_cooked":1,"stat.mobKills":44,"stat.mineBlock.minecraft.log":33,"stat.mineBlock.minecraft.leaves":5,"stat.pickup.minecraft.torch":4,"stat.sneakTime":9988,"stat.pickup.minecraft.wool":2,"stat.useItem.minecraft.wooden_axe":67,"stat.pickup.minecraft.yellow_flower":2,"stat.mineBlock.minecraft.stone":480}