{"stat.chestOpened":4,"stat.mineBlock.biomesoplenty.log_2":5,"stat.walkOneCm":88895,"stat.useItem.minecraft.torch":2,"stat.pickup.minecraft.stick":2,"stat.pickup.minecraft.crafting_table":1,"stat.craftItem.minecraft.crafting_table":2,"stat.furnaceInteraction":7,"stat.mineBlock.minecraft.coal_ore":3,"stat.pickup.zawa.legume":1,"stat.pickup.minecraft.log":3,"stat.craftItem.biomesoplenty.planks_0":20,"stat.useItem.zawa.rat_cooked":2,"stat.jump":505,"stat.swimOneCm":1540,"stat.pickup.minecraft.coal":17,"stat.fallOneCm":13239,"stat.climbOneCm":123,"stat.craftItem.minecraft.stone_slab2":0,"stat.crouchOneCm":2299,"stat.craftItem.minecraft.torch":68,"stat.craftItem.minecraft.chest":1,"stat.pickup.minecraft.sapling":1,"stat.pickup.minecraft.dirt":26,"stat.useItem.minecraft.dirt":10,"stat.sprintOneCm":50065,"stat.useItem.minecraft.stone_slab2":4,"stat.craftItem.minecraft.stick":36,"stat.craftingTableInteraction":9,"stat.pickup.minecraft.iron_ore":6,"stat.pickup.biomesoplenty.log_2":5,"stat.craftItem.minecraft.planks":20,"stat.damageTaken":1543,"stat.mineBlock.minecraft.crafting_table":1,"stat.craftItem.zawa.rat_cooked":2,"stat.useItem.minecraft.iron_ore":2,"stat.craftItem.minecraft.stone_pickaxe":1,"stat.useItem.minecraft.wooden_pickaxe":10,"stat.pickup.minecraft.cobblestone":14,"stat.craftItem.minecraft.wooden_sword":1,"stat.mineBlock.biomesoplenty.plant_0":4,"stat.mineBlock.minecraft.log":3,"stat.craftItem.minecraft.stone_sword":1,"stat.flyOneCm":105593,"stat.deaths":5,"stat.pickup.minecraft.wheat_seeds":4,"stat.playOneMinute":22797,"stat.useItem.minecraft.stone_pickaxe":12,"stat.sneakTime":853,"stat.useItem.minecraft.stone_sword":5,"stat.damageDealt":223,"stat.pickup.zawa.dried_bamboo":1,"stat.mineBlock.minecraft.iron_ore":5,"stat.pickup.zawa.care_guide":2,"stat.timeSinceDeath":754,"stat.craftItem.minecraft.wooden_pickaxe":1,"stat.mineBlock.minecraft.stone":14,"stat.mineBlock.minecraft.tallgrass":2}