{"stat.walkOneCm":40437,"stat.useItem.minecraft.bread":1,"stat.pickup.minecraft.stick":11,"stat.pickup.minecraft.crafting_table":2,"stat.useItem.minecraft.log2":8,"stat.useItem.minecraft.cobblestone":2,"stat.craftItem.minecraft.crafting_table":1,"stat.furnaceInteraction":10,"stat.pickup.minecraft.stone_axe":1,"stat.useItem.zawa.bird_meat_cooked":1,"stat.pickup.srparasites.lurecomponent1":2,"stat.talkedToVillager":1,"stat.pickup.minecraft.log":76,"stat.useItem.minecraft.rotten_flesh":4,"stat.jump":434,"stat.swimOneCm":33935,"stat.drop.minecraft.log2":1,"stat.fallOneCm":7849,"stat.pickup.minecraft.furnace":2,"stat.craftItem.zawa.bird_meat_cooked":1,"stat.useItem.minecraft.stone_axe":37,"stat.craftItem.minecraft.stone_slab2":0,"stat.craftItem.minecraft.bread":1,"stat.drop.minecraft.sapling":3,"stat.crouchOneCm":3377,"stat.craftItem.minecraft.iron_ingot":4,"stat.killEntity.Squid":12,"stat.pickup.minecraft.sapling":4,"stat.pickup.minecraft.dirt":36,"stat.useItem.minecraft.dirt":11,"stat.sprintOneCm":65861,"stat.pickup.biomesoplenty.flower_0":2,"stat.useItem.minecraft.stone_slab2":6,"stat.entityKilledBy.Enderman":1,"stat.mineBlock.biomesoplenty.flower_0":1,"stat.pickup.zawa.bird_meat":1,"stat.craftItem.minecraft.stick":20,"stat.craftItem.minecraft.wooden_axe":1,"stat.craftingTableInteraction":8,"stat.pickup.minecraft.rotten_flesh":5,"stat.craftItem.minecraft.furnace":1,"stat.craftItem.minecraft.planks":20,"stat.craftItem.minecraft.stone_axe":1,"stat.mineBlock.minecraft.leaves2":1,"stat.mineBlock.biomesoplenty.mushroom":1,"stat.mineBlock.minecraft.log2":13,"stat.mineBlock.minecraft.crafting_table":2,"stat.damageTaken":398,"stat.pickup.minecraft.feather":4,"stat.pickup.minecraft.stone_sword":1,"stat.pickup.minecraft.bread":1,"stat.craftItem.minecraft.stone_pickaxe":1,"stat.mineBlock.minecraft.furnace":1,"stat.useItem.minecraft.wooden_pickaxe":19,"stat.mobKills":17,"stat.pickup.minecraft.cobblestone":22,"stat.mineBlock.biomesoplenty.plant_0":2,"stat.pickup.minecraft.log2":15,"stat.mineBlock.minecraft.log":26,"stat.pickup.minecraft.dye":50,"stat.pickup.minecraft.planks":1,"stat.pickup.minecraft.reeds":10,"stat.pickup.biomesoplenty.plant_1":1,"stat.craftItem.minecraft.stone_sword":1,"stat.flyOneCm":62107,"stat.deaths":1,"stat.drop":4,"stat.pickup.minecraft.wheat_seeds":29,"stat.playOneMinute":22258,"stat.useItem.minecraft.stone_pickaxe":1,"stat.sneakTime":1666,"stat.useItem.minecraft.stone_sword":38,"stat.damageDealt":2101,"stat.killEntity.Zombie":2,"stat.pickup.zawa.care_guide":1,"stat.timeSinceDeath":4898,"stat.useItem.minecraft.wooden_axe":29,"stat.mineBlock.minecraft.dirt":26,"stat.drop.zawa.care_guide":1,"stat.mineBlock.minecraft.stone":19,"stat.craftItem.minecraft.wooden_pickaxe":1,"stat.diveOneCm":23105,"stat.pickup.minecraft.wheat":5}