{"stat.chestOpened":4,"stat.pickup.minecraft.stone_axe":1,"stat.mineBlock.srparasites.gore":1,"stat.useItem.minecraft.rotten_flesh":1,"stat.craftItem.biomesoplenty.planks_0":144,"stat.useItem.zawa.rat_cooked":6,"stat.jump":1297,"stat.swimOneCm":6738,"stat.pickup.zawa.worm":3,"stat.pickup.minecraft.coal":74,"stat.fallOneCm":32594,"stat.climbOneCm":699,"stat.useItem.minecraft.planks":3,"stat.useItem.minecraft.stone_axe":2,"stat.drop.minecraft.wooden_sword":1,"stat.crouchOneCm":6067,"stat.craftItem.minecraft.torch":68,"stat.craftItem.minecraft.chest":1,"stat.pickup.minecraft.dirt":38,"stat.useItem.minecraft.dirt":20,"stat.useItem.minecraft.stone_slab2":16,"stat.craftingTableInteraction":32,"stat.pickup.minecraft.iron_ore":6,"stat.pickup.minecraft.rotten_flesh":3,"stat.craftItem.minecraft.furnace":2,"stat.pickup.zawa.carnivore_meat_raw":2,"stat.craftItem.minecraft.stone_axe":1,"stat.drop.zawa.worm":1,"stat.damageTaken":3191,"stat.craftItem.zawa.rat_cooked":6,"stat.useItem.minecraft.iron_ore":2,"stat.pickup.minecraft.leather":2,"stat.craftItem.minecraft.stone_pickaxe":3,"stat.mineBlock.minecraft.furnace":1,"stat.useItem.minecraft.wooden_pickaxe":99,"stat.craftItem.minecraft.cooked_beef":3,"stat.pickup.minecraft.cobblestone":97,"stat.mineBlock.biomesoplenty.double_plant":2,"stat.craftItem.minecraft.wooden_sword":3,"stat.mineBlock.biomesoplenty.plant_0":25,"stat.pickup.minecraft.planks":18,"stat.pickup.biomesoplenty.plant_1":5,"stat.craftItem.minecraft.stone_sword":3,"stat.flyOneCm":282336,"stat.pickup.minecraft.wheat_seeds":9,"stat.drop.minecraft.wheat_seeds":1,"stat.entityKilledBy.Zombie":1,"stat.useItem.biomesoplenty.mudball":16,"stat.useItem.minecraft.stone_pickaxe":13,"stat.useItem.minecraft.cooked_beef":3,"stat.useItem.minecraft.stone_sword":22,"stat.damageDealt":1591,"stat.pickup.zawa.dried_bamboo":1,"stat.useItem.zawa.carnivore_meat_cooked":1,"stat.mineBlock.minecraft.iron_ore":5,"stat.timeSinceDeath":3614,"stat.killEntity.Cow":3,"stat.mineBlock.minecraft.dirt":11,"stat.craftItem.minecraft.wooden_pickaxe":4,"stat.pickup.zawa.rat_raw":4,"stat.pickup.futuremc.smoker":1,"stat.mineBlock.biomesoplenty.log_2":36,"stat.walkOneCm":194265,"stat.useItem.minecraft.torch":2,"stat.pickup.minecraft.stick":2,"stat.drop.minecraft.rotten_flesh":2,"stat.pickup.minecraft.crafting_table":7,"stat.useItem.minecraft.cobblestone":1,"stat.craftItem.minecraft.crafting_table":5,"stat.furnaceInteraction":23,"stat.pickup.zawa.legume":1,"stat.mineBlock.minecraft.coal_ore":3,"stat.pickup.minecraft.log":26,"stat.pickup.biomesoplenty.planks_0":2,"stat.mineBlock.futuremc.smoker":1,"stat.pickup.minecraft.beef":4,"stat.pickup.minecraft.furnace":1,"stat.craftItem.minecraft.stone_slab2":0,"stat.pickup.biomesoplenty.mudball":144,"stat.pickup.minecraft.sapling":1,"stat.sprintOneCm":175892,"stat.entityKilledBy.Enderman":1,"stat.craftItem.minecraft.stick":76,"stat.craftItem.minecraft.wooden_axe":3,"stat.craftItem.minecraft.planks":112,"stat.pickup.biomesoplenty.log_2":36,"stat.craftItem.zawa.carnivore_meat_cooked":1,"stat.useItem.biomesoplenty.planks_0":1,"stat.mineBlock.minecraft.crafting_table":7,"stat.useItem.minecraft.wooden_shovel":9,"stat.mobKills":9,"stat.mineBlock.minecraft.log":26,"stat.deaths":9,"stat.mineBlock.minecraft.planks":2,"stat.drop":5,"stat.mineBlock.minecraft.leaves":2,"stat.playOneMinute":58797,"stat.craftItem.minecraft.wooden_shovel":1,"stat.useItem.minecraft.wooden_sword":18,"stat.sneakTime":2723,"stat.killEntity.Zombie":1,"stat.pickup.zawa.care_guide":2,"stat.useItem.minecraft.wooden_axe":72,"stat.mineBlock.minecraft.stone":103,"stat.mineBlock.minecraft.tallgrass":11,"stat.diveOneCm":7891,"stat.drop.minecraft.wooden_axe":1}