{"stat.chestOpened":7,"stat.useItem.minecraft.iron_axe":7,"stat.pickup.minecraft.gravel":2,"stat.pickup.minecraft.iron_sword":1,"stat.useItem.minecraft.log2":8,"stat.pickup.minecraft.stone_axe":1,"stat.craftItem.minecraft.iron_axe":1,"stat.useItem.zawa.bird_meat_cooked":1,"stat.useItem.minecraft.rotten_flesh":5,"stat.jump":676,"stat.swimOneCm":34709,"stat.pickup.minecraft.coal":14,"stat.fallOneCm":11940,"stat.craftItem.minecraft.shield":1,"stat.pickup.minecraft.carrot":52,"stat.useItem.minecraft.stone_axe":37,"stat.craftItem.minecraft.bread":1,"stat.crouchOneCm":5297,"stat.mineBlock.minecraft.chest":1,"stat.craftItem.minecraft.iron_ingot":10,"stat.craftItem.minecraft.chest":1,"stat.craftItem.minecraft.torch":24,"stat.pickup.minecraft.dirt":37,"stat.useItem.minecraft.dirt":26,"stat.useItem.minecraft.stone_slab2":11,"stat.pickup.zawa.bird_meat":1,"stat.drop.minecraft.iron_sword":1,"stat.craftingTableInteraction":19,"stat.pickup.minecraft.rotten_flesh":5,"stat.craftItem.minecraft.furnace":1,"stat.craftItem.minecraft.stone_axe":1,"stat.mineBlock.minecraft.leaves2":1,"stat.mineBlock.minecraft.log2":13,"stat.damageTaken":488,"stat.pickup.minecraft.feather":4,"stat.pickup.minecraft.leather":5,"stat.craftItem.minecraft.stone_pickaxe":1,"stat.mineBlock.minecraft.furnace":1,"stat.useItem.minecraft.wooden_pickaxe":19,"stat.pickup.minecraft.cobblestone":24,"stat.pickup.minecraft.log2":15,"stat.mineBlock.biomesoplenty.plant_0":2,"stat.pickup.minecraft.dye":50,"stat.pickup.minecraft.planks":1,"stat.pickup.minecraft.reeds":10,"stat.pickup.biomesoplenty.plant_1":1,"stat.craftItem.minecraft.stone_sword":1,"stat.flyOneCm":96088,"stat.pickup.minecraft.wheat_seeds":49,"stat.pickup.minecraft.potato":17,"stat.useItem.minecraft.stone_pickaxe":1,"stat.useItem.minecraft.stone_sword":55,"stat.damageDealt":3511,"stat.timeSinceDeath":16598,"stat.mineBlock.minecraft.dirt":27,"stat.useItem.minecraft.iron_pickaxe":15,"stat.craftItem.minecraft.wooden_pickaxe":1,"stat.craftItem.minecraft.iron_sword":1,"stat.pickup.minecraft.poisonous_potato":1,"stat.walkOneCm":81027,"stat.useItem.minecraft.bread":1,"stat.useItem.minecraft.torch":2,"stat.pickup.minecraft.stick":11,"stat.pickup.minecraft.crafting_table":2,"stat.useItem.minecraft.cobblestone":2,"stat.furnaceInteraction":24,"stat.craftItem.minecraft.crafting_table":1,"stat.useItem.minecraft.gravel":1,"stat.mineBlock.minecraft.coal_ore":14,"stat.pickup.srparasites.lurecomponent1":2,"stat.killEntity.Creeper":1,"stat.talkedToVillager":2,"stat.pickup.minecraft.log":76,"stat.drop.minecraft.log2":1,"stat.pickup.minecraft.furnace":2,"stat.craftItem.zawa.bird_meat_cooked":1,"stat.craftItem.minecraft.stone_slab2":0,"stat.drop.minecraft.sapling":3,"stat.killEntity.Squid":12,"stat.pickup.minecraft.sapling":4,"stat.sprintOneCm":109033,"stat.pickup.biomesoplenty.flower_0":2,"stat.entityKilledBy.Enderman":1,"stat.mineBlock.biomesoplenty.flower_0":1,"stat.craftItem.minecraft.stick":20,"stat.craftItem.minecraft.wooden_axe":1,"stat.pickup.minecraft.beetroot":9,"stat.killEntity.Horse":5,"stat.craftItem.minecraft.planks":120,"stat.useItem.minecraft.iron_sword":40,"stat.mineBlock.biomesoplenty.mushroom":1,"stat.useItem.minecraft.wheat_seeds":3,"stat.mineBlock.minecraft.crafting_table":2,"stat.pickup.minecraft.stone_sword":1,"stat.pickup.minecraft.bread":1,"stat.useItem.minecraft.carrot":6,"stat.mobKills":23,"stat.pickup.minecraft.book":21,"stat.mineBlock.minecraft.log":26,"stat.mineBlock.minecraft.bookshelf":7,"stat.deaths":1,"stat.drop":5,"stat.pickup.minecraft.beetroot_seeds":31,"stat.playOneMinute":33958,"stat.sneakTime":2101,"stat.craftItem.minecraft.iron_pickaxe":1,"stat.killEntity.Zombie":2,"stat.pickup.zawa.care_guide":1,"stat.useItem.minecraft.wooden_axe":29,"stat.drop.zawa.care_guide":1,"stat.mineBlock.minecraft.stone":19,"stat.useItem.minecraft.beetroot":9,"stat.diveOneCm":23391,"stat.pickup.minecraft.wheat":11,"stat.pickup.minecraft.chest":1}