{"stat.chestOpened":2,"stat.walkOneCm":77434,"stat.useItem.minecraft.stone":15,"stat.leaveGame":1,"stat.useItem.minecraft.chicken":1,"stat.pickup.minecraft.stonebrick":7,"stat.useItem.minecraft.cobblestone":3,"stat.craftItem.minecraft.crafting_table":1,"stat.furnaceInteraction":15,"stat.mineBlock.minecraft.double_plant":1,"stat.pickup.minecraft.wooden_sword":1,"stat.pickup.minecraft.log":9,"stat.mineBlock.minecraft.stained_glass_pane":4,"stat.mineBlock.minecraft.stained_glass":7,"stat.swimOneCm":1866,"stat.jump":330,"stat.fallOneCm":8618,"stat.climbOneCm":2818,"stat.useItem.minecraft.planks":12,"stat.pickup.minecraft.beef":8,"stat.craftItem.minecraft.stone_slab2":0,"stat.pickup.minecraft.stone":17,"stat.drop.minecraft.wooden_sword":1,"stat.crouchOneCm":3677,"stat.pickup.minecraft.chicken":2,"stat.useItem.minecraft.stained_hardened_clay":4,"stat.pickup.minecraft.dirt":8,"stat.useItem.minecraft.dirt":5,"stat.mineBlock.minecraft.stained_hardened_clay":9,"stat.sprintOneCm":28068,"stat.useItem.minecraft.stone_slab2":13,"stat.craftItem.minecraft.stick":4,"stat.craftingTableInteraction":5,"stat.pickup.minecraft.rotten_flesh":1,"stat.craftItem.minecraft.furnace":1,"stat.mineBlock.minecraft.stonebrick":7,"stat.craftItem.minecraft.planks":36,"stat.killEntity.Chicken":2,"stat.damageTaken":703,"stat.pickup.minecraft.leather":3,"stat.pickup.minecraft.feather":2,"stat.killEntity.Spider":1,"stat.useItem.minecraft.wooden_pickaxe":58,"stat.craftItem.minecraft.cooked_beef":4,"stat.mobKills":8,"stat.pickup.minecraft.cobblestone":12,"stat.craftItem.minecraft.wooden_sword":1,"stat.useItem.minecraft.stonebrick":5,"stat.useItem.minecraft.beef":2,"stat.craftItem.minecraft.cooked_chicken":1,"stat.flyOneCm":19986,"stat.deaths":1,"stat.pickup.dynamictrees.spruceseed":2,"stat.drop":1,"stat.pickup.minecraft.egg":1,"stat.playOneMinute":30415,"stat.useItem.minecraft.wooden_sword":32,"stat.mineBlock.minecraft.gravel":1,"stat.useItem.minecraft.cooked_beef":3,"stat.sneakTime":1235,"stat.damageDealt":1084,"stat.timeSinceDeath":22970,"stat.killEntity.Cow":5,"stat.mineBlock.minecraft.dirt":7,"stat.pickup.minecraft.stained_hardened_clay":7,"stat.craftItem.minecraft.wooden_pickaxe":1,"stat.mineBlock.minecraft.stone":29,"stat.diveOneCm":6698}