{"stat.useItem.minecraft.bow":12,"stat.leaveGame":2,"stat.killEntity.betteranimalsplus.goat":2,"stat.craftItem.minecraft.iron_axe":3,"stat.useItem.zawa.bird_meat_cooked":3,"stat.mineBlock.minecraft.sandstone":2,"stat.useItem.zawa.rat_cooked":3,"stat.pickup.zawa.worm":39,"stat.craftItem.zawa.bush_meat_cooked":1,"stat.useItem.minecraft.planks":26,"stat.craftItem.minecraft.shield":3,"stat.pickup.minecraft.porkchop":6,"stat.pickup.minecraft.rotten_flesh":25,"stat.pickup.minecraft.sand":3,"stat.craftItem.minecraft.iron_shovel":2,"stat.killEntity.Witch":1,"stat.drop.spartanweaponry.boomerang_iron":2,"stat.useItem.zawa.carnivore_meat_cooked":2,"stat.useItem.minecraft.iron_pickaxe":2607,"stat.drop.minecraft.diamond":4,"stat.craftItem.minecraft.wooden_pickaxe":1,"stat.useItem.minecraft.iron_shovel":453,"stat.pickup.minecraft.double_plant":1,"stat.craftItem.minecraft.bed":1,"stat.craftItem.spartanweaponry.boomerang_iron":1,"stat.pickup.minecraft.wooden_shovel":1,"stat.furnaceInteraction":210,"stat.mineBlock.futuremc.cornflower":1,"stat.pickup.srparasites.lurecomponent1":12,"stat.pickup.minecraft.beef":18,"stat.useItem.minecraft.cooked_mutton":5,"stat.pickup.minecraft.furnace":23,"stat.pickup.zawa.large_meat_raw":8,"stat.craftItem.zawa.bird_meat_cooked":3,"stat.pickup.biomesoplenty.flower_1":2,"stat.pickup.minecraft.iron_chestplate":2,"stat.useItem.minecraft.stone_stairs":46,"stat.pickup.minecraft.stone_stairs":22,"stat.craftItem.zawa.carnivore_meat_cooked":2,"stat.killEntity.betteranimalsplus.zotzpyre":1,"stat.useItem.minecraft.dye":32,"stat.deaths":15,"stat.pickup.zawa.fur":12,"stat.playOneMinute":276881,"stat.craftItem.minecraft.wooden_shovel":1,"stat.craftItem.minecraft.iron_pickaxe":11,"stat.pickup.zawa.care_guide":2,"stat.drop.minecraft.iron_ingot":7,"stat.mineBlock.minecraft.tallgrass":27,"stat.craftItem.minecraft.cooked_mutton":5,"stat.chestOpened":88,"stat.useItem.minecraft.stone":14,"stat.useItem.spartanweaponry.boomerang_iron":50,"stat.pickup.minecraft.arrow":26,"stat.pickup.minecraft.waterlily":2,"stat.pickup.minecraft.iron_sword":3,"stat.craftItem.biomesoplenty.planks_0":304,"stat.fallOneCm":103301,"stat.pickup.zawa.tiger_fur":3,"stat.pickup.minecraft.carrot":222,"stat.crouchOneCm":164556,"stat.pickup.zawa.tortoise_shell":1,"stat.craftItem.minecraft.iron_ingot":133,"stat.craftItem.minecraft.chest":3,"stat.craftingTableInteraction":88,"stat.pickup.minecraft.wooden_pickaxe":1,"stat.pickup.minecraft.feather":5,"stat.useItem.futuremc.sweet_berries":7,"stat.useItem.minecraft.furnace":18,"stat.craftItem.minecraft.wooden_sword":2,"stat.mineBlock.biomesoplenty.plant_0":30,"stat.pickup.minecraft.dye":6,"stat.pickup.minecraft.planks":20,"stat.pickup.biomesoplenty.plant_1":1,"stat.pickup.minecraft.iron_leggings":1,"stat.pickup.minecraft.wheat_seeds":142,"stat.mineBlock.biomesoplenty.gem_ore":3,"stat.mineBlock.minecraft.gravel":1,"stat.drop.futuremc.smoker":1,"stat.useItem.minecraft.stone_pickaxe":1574,"stat.useItem.minecraft.stone_sword":25,"stat.craftItem.minecraft.iron_leggings":2,"stat.pickup.biomesoplenty.waterlily":2,"stat.pickup.zawa.bush_meat_raw":2,"stat.useItem.biomesoplenty.berries":3,"stat.mineBlock.minecraft.dirt":478,"stat.pickup.zawa.large_meat_cooked":1,"stat.pickup.biomesoplenty.persimmon":1,"stat.pickup.minecraft.poisonous_potato":2,"stat.mineBlock.biomesoplenty.leaves_0":7,"stat.useItem.minecraft.torch":26,"stat.useItem.minecraft.bread":7,"stat.mineBlock.biomesoplenty.leaves_2":6,"stat.mineBlock.biomesoplenty.leaves_1":47,"stat.craftItem.minecraft.stone_stairs":64,"stat.pickup.minecraft.crafting_table":5,"stat.useItem.minecraft.cobblestone":2116,"stat.craftItem.minecraft.crafting_table":4,"stat.mineBlock.minecraft.double_plant":4,"stat.pickup.minecraft.log":75,"stat.useItem.zawa.bush_meat_cooked":4,"stat.pickup.biomesoplenty.planks_0":142,"stat.pickup.minecraft.iron_pickaxe":4,"stat.craftItem.zawa.large_meat_cooked":8,"stat.pickup.minecraft.chicken":1,"stat.pickup.minecraft.sapling":6,"stat.entityKilledBy.Enderman":1,"stat.killEntity.srmonstress.aloe":1,"stat.pickup.minecraft.beetroot":21,"stat.craftItem.minecraft.planks":196,"stat.useItem.minecraft.iron_sword":391,"stat.drop.zawa.bird_meat":1,"stat.pickup.futuremc.cornflower":1,"stat.pickup.biomesoplenty.berries":3,"stat.pickup.minecraft.stone_sword":1,"stat.useItem.spartanweaponry.throwing_axe_iron":5,"stat.mineBlock.minecraft.log":68,"stat.pickup.minecraft.red_flower":1,"stat.sneakTime":32612,"stat.pickup.minecraft.wool":5,"stat.useItem.minecraft.wooden_axe":67,"stat.pickup.minecraft.yellow_flower":2,"stat.useItem.minecraft.beetroot":12,"stat.pickup.minecraft.bone":20,"stat.useItem.minecraft.iron_axe":142,"stat.mineBlock.minecraft.cobblestone":54,"stat.pickup.biomesoplenty.fir_door":2,"stat.pickup.minecraft.stone_pickaxe":18,"stat.drop.zawa.rat_cooked":1,"stat.mineBlock.srparasites.gore":2,"stat.craftItem.zawa.reptile_meat_cooked":4,"stat.swimOneCm":41015,"stat.pickup.minecraft.cooked_porkchop":7,"stat.useItem.minecraft.dirt":313,"stat.useItem.minecraft.stone_slab2":87,"stat.pickup.minecraft.bow":5,"stat.pickup.zawa.bird_meat":3,"stat.pickup.minecraft.iron_boots":4,"stat.craftItem.minecraft.furnace":11,"stat.pickup.zawa.carnivore_meat_raw":2,"stat.craftItem.minecraft.iron_boots":1,"stat.craftItem.zawa.rat_cooked":3,"stat.useItem.minecraft.iron_ore":7,"stat.mineBlock.zawa.dried_bamboo":1,"stat.craftItem.minecraft.cooked_beef":11,"stat.pickup.minecraft.cobblestone":5974,"stat.pickup.futuremc.sweet_berries":22,"stat.useItem.minecraft.stone_shovel":9,"stat.flyOneCm":1285548,"stat.pickup.minecraft.glass_bottle":1,"stat.killEntity.srmonstress.patrolman":5,"stat.useItem.minecraft.cooked_beef":10,"stat.pickup.minecraft.redstone":17,"stat.mineBlock.minecraft.iron_ore":157,"stat.timeSinceDeath":40407,"stat.pickup.minecraft.mutton":6,"stat.pickup.futuremc.smoker":3,"stat.mineBlock.biomesoplenty.log_2":11,"stat.useItem.minecraft.potato":43,"stat.pickup.minecraft.wooden_axe":1,"stat.useItem.minecraft.cooked_porkchop":10,"stat.pickup.minecraft.iron_shovel":1,"stat.mineBlock.minecraft.coal_ore":50,"stat.killEntity.Creeper":2,"stat.pickup.minecraft.shield":1,"stat.talkedToVillager":5,"stat.pickup.minecraft.string":2,"stat.entityKilledBy.Skeleton":1,"stat.craftItem.minecraft.stone_slab2":0,"stat.pickup.zawa.reptile_meat_raw":4,"stat.pickup.zawa.blubber":10,"stat.sprintOneCm":675804,"stat.mineBlock.biomesoplenty.log_0":66,"stat.craftItem.minecraft.stick":76,"stat.craftItem.minecraft.wooden_axe":2,"stat.mineBlock.biomesoplenty.mushroom":1,"stat.mineBlock.minecraft.crafting_table":5,"stat.useItem.minecraft.carrot":9,"stat.useItem.minecraft.wooden_shovel":19,"stat.mineBlock.minecraft.planks":17,"stat.drop":12,"stat.useItem.minecraft.wooden_sword":21,"stat.killEntity.Sheep":2,"stat.killEntity.Zombie":14,"stat.craftItem.minecraft.dye":33,"stat.drop.minecraft.bread":1,"stat.mineBlock.minecraft.gold_ore":9,"stat.diveOneCm":56767,"stat.pickup.minecraft.wheat":68,"stat.pickup.minecraft.gravel":2,"stat.craftItem.minecraft.cooked_porkchop":3,"stat.drop.minecraft.cooked_beef":2,"stat.useItem.minecraft.rotten_flesh":4,"stat.jump":4747,"stat.pickup.minecraft.coal":254,"stat.pickup.minecraft.iron_helmet":1,"stat.pickup.minecraft.iron_ingot":48,"stat.pickup.minecraft.gunpowder":1,"stat.craftItem.minecraft.bread":22,"stat.craftItem.minecraft.torch":48,"stat.pickup.minecraft.dirt":621,"stat.craftItem.minecraft.iron_helmet":2,"stat.useItem.zawa.reptile_meat_cooked":4,"stat.pickup.minecraft.iron_ore":323,"stat.boatOneCm":237755,"stat.pickup.minecraft.gold_ore":58,"stat.mineBlock.minecraft.lapis_ore":4,"stat.pickup.minecraft.iron_axe":1,"stat.mineBlock.minecraft.glass_pane":3,"stat.mineBlock.minecraft.stone_stairs":2,"stat.damageTaken":7091,"stat.pickup.minecraft.leather":9,"stat.mineBlock.minecraft.torch":13,"stat.mineBlock.minecraft.furnace":20,"stat.mineBlock.minecraft.red_flower":1,"stat.useItem.minecraft.wooden_pickaxe":1,"stat.pickup.srparasites.assimilated_flesh":1,"stat.pickup.minecraft.reeds":2,"stat.pickup.minecraft.bed":1,"stat.pickup.minecraft.potato":123,"stat.entityKilledBy.Zombie":1,"stat.damageDealt":19232,"stat.sleepInBed":1,"stat.killEntity.Pig":2,"stat.craftItem.minecraft.iron_sword":3,"stat.craftItem.minecraft.stone_shovel":1,"stat.pickup.minecraft.boat":1,"stat.walkOneCm":729425,"stat.pickup.minecraft.stick":13,"stat.pickup.biomesoplenty.sapling_0":6,"stat.pickup.biomesoplenty.sapling_1":1,"stat.mineBlock.biomesoplenty.planks_0":14,"stat.mineBlock.futuremc.smoker":2,"stat.drop.biomesoplenty.sapling_0":2,"stat.pickup.minecraft.stone":456,"stat.craftItem.minecraft.iron_chestplate":1,"stat.mineBlock.minecraft.wool":3,"stat.useItem.zawa.large_meat_cooked":9,"stat.pickup.minecraft.cooked_beef":1,"stat.killEntity.Skeleton":15,"stat.pickup.biomesoplenty.gem":3,"stat.pickup.biomesoplenty.log_0":66,"stat.pickup.biomesoplenty.log_2":31,"stat.killEntity.Chicken":1,"stat.mineBlock.srparasites.infestremain":3,"stat.useItem.biomesoplenty.planks_0":233,"stat.killEntity.Spider":5,"stat.pickup.minecraft.bread":9,"stat.pickup.zawa.rat_cooked":1,"stat.mobKills":106,"stat.killEntity.srmonstress.heartdemon":1,"stat.useItem.minecraft.boat":1,"stat.pickup.minecraft.diamond":4,"stat.mineBlock.minecraft.leaves":9,"stat.pickup.minecraft.beetroot_seeds":38,"stat.pickup.minecraft.torch":28,"stat.mineBlock.minecraft.redstone_ore":4,"stat.mineBlock.minecraft.stone":3855}