{"stat.useItem.minecraft.bow":12,"stat.pickup.minecraft.bone":18,"stat.useItem.minecraft.iron_axe":82,"stat.leaveGame":1,"stat.mineBlock.minecraft.cobblestone":38,"stat.pickup.biomesoplenty.fir_door":2,"stat.pickup.minecraft.stone_pickaxe":7,"stat.drop.zawa.rat_cooked":1,"stat.killEntity.betteranimalsplus.goat":2,"stat.craftItem.minecraft.iron_axe":1,"stat.mineBlock.srparasites.gore":1,"stat.useItem.zawa.bird_meat_cooked":3,"stat.craftItem.zawa.reptile_meat_cooked":4,"stat.mineBlock.minecraft.sandstone":2,"stat.useItem.zawa.rat_cooked":3,"stat.swimOneCm":20615,"stat.pickup.zawa.worm":3,"stat.craftItem.zawa.bush_meat_cooked":1,"stat.useItem.minecraft.planks":17,"stat.craftItem.minecraft.shield":2,"stat.pickup.minecraft.cooked_porkchop":1,"stat.pickup.minecraft.porkchop":6,"stat.useItem.minecraft.dirt":189,"stat.useItem.minecraft.stone_slab2":57,"stat.pickup.minecraft.bow":3,"stat.pickup.zawa.bird_meat":3,"stat.pickup.minecraft.rotten_flesh":21,"stat.pickup.zawa.carnivore_meat_raw":2,"stat.craftItem.minecraft.iron_boots":1,"stat.craftItem.zawa.rat_cooked":3,"stat.useItem.minecraft.iron_ore":7,"stat.mineBlock.zawa.dried_bamboo":1,"stat.craftItem.minecraft.cooked_beef":11,"stat.pickup.minecraft.cobblestone":2521,"stat.pickup.futuremc.sweet_berries":1,"stat.useItem.minecraft.stone_shovel":9,"stat.flyOneCm":458919,"stat.craftItem.minecraft.iron_shovel":1,"stat.pickup.minecraft.glass_bottle":1,"stat.killEntity.srmonstress.patrolman":3,"stat.killEntity.Witch":1,"stat.useItem.minecraft.cooked_beef":10,"stat.drop.spartanweaponry.boomerang_iron":2,"stat.mineBlock.minecraft.iron_ore":73,"stat.timeSinceDeath":105700,"stat.useItem.minecraft.iron_pickaxe":2220,"stat.craftItem.minecraft.wooden_pickaxe":1,"stat.pickup.minecraft.mutton":6,"stat.useItem.minecraft.iron_shovel":211,"stat.pickup.futuremc.smoker":2,"stat.mineBlock.biomesoplenty.log_2":11,"stat.pickup.minecraft.double_plant":1,"stat.craftItem.spartanweaponry.boomerang_iron":1,"stat.pickup.minecraft.wooden_axe":1,"stat.pickup.minecraft.wooden_shovel":1,"stat.furnaceInteraction":168,"stat.useItem.minecraft.cooked_porkchop":4,"stat.mineBlock.futuremc.cornflower":1,"stat.mineBlock.minecraft.coal_ore":48,"stat.pickup.srparasites.lurecomponent1":11,"stat.killEntity.Creeper":2,"stat.talkedToVillager":5,"stat.pickup.minecraft.beef":18,"stat.useItem.minecraft.cooked_mutton":5,"stat.pickup.minecraft.furnace":20,"stat.pickup.zawa.large_meat_raw":8,"stat.craftItem.zawa.bird_meat_cooked":3,"stat.craftItem.minecraft.stone_slab2":0,"stat.pickup.zawa.reptile_meat_raw":4,"stat.pickup.zawa.blubber":10,"stat.pickup.biomesoplenty.flower_1":2,"stat.sprintOneCm":470115,"stat.mineBlock.biomesoplenty.log_0":66,"stat.craftItem.minecraft.stick":48,"stat.craftItem.minecraft.wooden_axe":2,"stat.mineBlock.minecraft.crafting_table":2,"stat.killEntity.betteranimalsplus.zotzpyre":1,"stat.useItem.minecraft.wooden_shovel":19,"stat.deaths":7,"stat.drop":8,"stat.pickup.zawa.fur":12,"stat.playOneMinute":178256,"stat.useItem.minecraft.wooden_sword":21,"stat.craftItem.minecraft.wooden_shovel":1,"stat.killEntity.Sheep":2,"stat.craftItem.minecraft.iron_pickaxe":9,"stat.killEntity.Zombie":9,"stat.pickup.zawa.care_guide":2,"stat.drop.minecraft.iron_ingot":7,"stat.mineBlock.minecraft.gold_ore":6,"stat.mineBlock.minecraft.tallgrass":21,"stat.craftItem.minecraft.cooked_mutton":5,"stat.diveOneCm":41449,"stat.chestOpened":63,"stat.useItem.minecraft.stone":2,"stat.useItem.spartanweaponry.boomerang_iron":39,"stat.pickup.minecraft.arrow":15,"stat.craftItem.minecraft.cooked_porkchop":3,"stat.drop.minecraft.cooked_beef":1,"stat.useItem.minecraft.rotten_flesh":4,"stat.craftItem.biomesoplenty.planks_0":304,"stat.jump":3291,"stat.pickup.minecraft.coal":139,"stat.fallOneCm":70463,"stat.pickup.minecraft.iron_ingot":15,"stat.pickup.zawa.tiger_fur":3,"stat.pickup.minecraft.carrot":113,"stat.pickup.minecraft.gunpowder":1,"stat.crouchOneCm":137829,"stat.pickup.zawa.tortoise_shell":1,"stat.craftItem.minecraft.iron_ingot":58,"stat.craftItem.minecraft.torch":24,"stat.craftItem.minecraft.chest":2,"stat.pickup.minecraft.dirt":280,"stat.craftItem.minecraft.iron_helmet":1,"stat.useItem.zawa.reptile_meat_cooked":4,"stat.craftingTableInteraction":49,"stat.pickup.minecraft.iron_ore":97,"stat.boatOneCm":75296,"stat.pickup.minecraft.gold_ore":4,"stat.mineBlock.minecraft.glass_pane":3,"stat.pickup.minecraft.wooden_pickaxe":1,"stat.damageTaken":4079,"stat.pickup.minecraft.feather":5,"stat.pickup.minecraft.leather":9,"stat.useItem.futuremc.sweet_berries":1,"stat.mineBlock.minecraft.torch":5,"stat.mineBlock.minecraft.furnace":20,"stat.mineBlock.minecraft.red_flower":1,"stat.useItem.minecraft.wooden_pickaxe":1,"stat.useItem.minecraft.furnace":16,"stat.craftItem.minecraft.wooden_sword":2,"stat.pickup.srparasites.assimilated_flesh":1,"stat.mineBlock.biomesoplenty.plant_0":15,"stat.pickup.minecraft.reeds":2,"stat.pickup.minecraft.wheat_seeds":22,"stat.pickup.minecraft.potato":39,"stat.entityKilledBy.Zombie":1,"stat.mineBlock.minecraft.gravel":1,"stat.drop.futuremc.smoker":1,"stat.useItem.minecraft.stone_pickaxe":634,"stat.useItem.minecraft.stone_sword":25,"stat.craftItem.minecraft.iron_leggings":1,"stat.damageDealt":14610,"stat.pickup.zawa.bush_meat_raw":2,"stat.useItem.biomesoplenty.berries":3,"stat.mineBlock.minecraft.dirt":228,"stat.pickup.zawa.large_meat_cooked":1,"stat.killEntity.Pig":2,"stat.pickup.biomesoplenty.persimmon":1,"stat.craftItem.minecraft.iron_sword":2,"stat.mineBlock.biomesoplenty.leaves_0":6,"stat.craftItem.minecraft.stone_shovel":1,"stat.walkOneCm":474230,"stat.useItem.minecraft.torch":19,"stat.mineBlock.biomesoplenty.leaves_1":47,"stat.pickup.minecraft.stick":1,"stat.pickup.minecraft.crafting_table":2,"stat.pickup.biomesoplenty.sapling_0":6,"stat.useItem.minecraft.cobblestone":1812,"stat.craftItem.minecraft.crafting_table":3,"stat.mineBlock.minecraft.double_plant":2,"stat.mineBlock.biomesoplenty.planks_0":14,"stat.pickup.minecraft.log":44,"stat.useItem.zawa.bush_meat_cooked":4,"stat.pickup.biomesoplenty.planks_0":107,"stat.mineBlock.futuremc.smoker":1,"stat.drop.biomesoplenty.sapling_0":2,"stat.pickup.minecraft.iron_pickaxe":1,"stat.craftItem.zawa.large_meat_cooked":8,"stat.pickup.minecraft.stone":144,"stat.craftItem.minecraft.iron_chestplate":1,"stat.pickup.minecraft.chicken":1,"stat.pickup.minecraft.sapling":6,"stat.useItem.zawa.large_meat_cooked":9,"stat.entityKilledBy.Enderman":1,"stat.pickup.minecraft.cooked_beef":1,"stat.killEntity.Skeleton":13,"stat.pickup.biomesoplenty.log_0":66,"stat.craftItem.minecraft.planks":112,"stat.pickup.biomesoplenty.log_2":31,"stat.useItem.minecraft.iron_sword":279,"stat.drop.zawa.bird_meat":1,"stat.pickup.futuremc.cornflower":1,"stat.killEntity.Chicken":1,"stat.useItem.biomesoplenty.planks_0":233,"stat.killEntity.Spider":2,"stat.pickup.biomesoplenty.berries":3,"stat.pickup.minecraft.stone_sword":1,"stat.pickup.zawa.rat_cooked":1,"stat.mobKills":83,"stat.mineBlock.minecraft.log":36,"stat.killEntity.srmonstress.heartdemon":1,"stat.mineBlock.minecraft.leaves":6,"stat.pickup.minecraft.torch":6,"stat.sneakTime":25587,"stat.pickup.minecraft.wool":2,"stat.useItem.minecraft.wooden_axe":67,"stat.pickup.minecraft.yellow_flower":2,"stat.mineBlock.minecraft.stone":2645}