{"stat.chestOpened":2,"stat.walkOneCm":100577,"stat.useItem.minecraft.stone":15,"stat.pickup.minecraft.stick":1,"stat.leaveGame":1,"stat.pickup.minecraft.crafting_table":1,"stat.useItem.minecraft.chicken":1,"stat.pickup.minecraft.stonebrick":9,"stat.useItem.minecraft.cobblestone":6,"stat.craftItem.minecraft.crafting_table":2,"stat.furnaceInteraction":15,"stat.killEntity.Wolf":1,"stat.mineBlock.minecraft.double_plant":1,"stat.pickup.minecraft.wooden_sword":1,"stat.pickup.minecraft.log":17,"stat.mineBlock.minecraft.stained_glass_pane":4,"stat.mineBlock.minecraft.stained_glass":7,"stat.swimOneCm":4799,"stat.jump":533,"stat.useItem.minecraft.sand":2,"stat.fallOneCm":13691,"stat.climbOneCm":2818,"stat.useItem.minecraft.planks":19,"stat.pickup.minecraft.beef":8,"stat.craftItem.minecraft.stone_slab2":0,"stat.pickup.minecraft.stone":17,"stat.drop.minecraft.wooden_sword":1,"stat.crouchOneCm":6226,"stat.pickup.minecraft.chicken":2,"stat.useItem.minecraft.stained_hardened_clay":5,"stat.pickup.minecraft.dirt":13,"stat.useItem.minecraft.dirt":7,"stat.mineBlock.minecraft.stained_hardened_clay":9,"stat.sprintOneCm":50986,"stat.useItem.minecraft.stone_slab2":23,"stat.craftItem.minecraft.stick":8,"stat.craftItem.minecraft.wooden_axe":1,"stat.craftingTableInteraction":9,"stat.pickup.minecraft.rotten_flesh":1,"stat.pickup.minecraft.sand":3,"stat.craftItem.minecraft.furnace":2,"stat.mineBlock.minecraft.stonebrick":9,"stat.craftItem.minecraft.planks":68,"stat.useItem.minecraft.iron_sword":8,"stat.killEntity.Chicken":2,"stat.useItem.minecraft.egg":1,"stat.damageTaken":982,"stat.pickup.minecraft.leather":3,"stat.pickup.minecraft.feather":2,"stat.killEntity.Spider":1,"stat.mineBlock.minecraft.crafting_table":1,"stat.useItem.minecraft.wooden_pickaxe":72,"stat.craftItem.minecraft.cooked_beef":4,"stat.mobKills":12,"stat.pickup.minecraft.cobblestone":25,"stat.craftItem.minecraft.wooden_sword":1,"stat.useItem.minecraft.stonebrick":6,"stat.useItem.minecraft.beef":2,"stat.craftItem.minecraft.cooked_chicken":1,"stat.flyOneCm":55965,"stat.deaths":1,"stat.pickup.dynamictrees.spruceseed":2,"stat.drop":1,"stat.pickup.minecraft.wheat_seeds":1,"stat.pickup.minecraft.egg":1,"stat.mineBlock.minecraft.sand":3,"stat.playOneMinute":42115,"stat.useItem.minecraft.wooden_sword":34,"stat.mineBlock.minecraft.gravel":1,"stat.useItem.minecraft.cooked_beef":4,"stat.sneakTime":2939,"stat.damageDealt":1538,"stat.killEntity.Zombie":1,"stat.timeSinceDeath":34670,"stat.useItem.minecraft.wooden_axe":1,"stat.killEntity.Cow":5,"stat.mineBlock.minecraft.dirt":12,"stat.pickup.minecraft.stained_hardened_clay":7,"stat.craftItem.minecraft.wooden_pickaxe":2,"stat.mineBlock.minecraft.stone":41,"stat.mineBlock.minecraft.tallgrass":2,"stat.diveOneCm":11399,"stat.craftItem.minecraft.iron_sword":1}