{"stat.pickup.minecraft.bone":8,"stat.useItem.minecraft.iron_axe":7,"stat.leaveGame":1,"stat.useItem.minecraft.log2":8,"stat.craftItem.minecraft.iron_axe":1,"stat.mineBlock.srparasites.gore":5,"stat.useItem.zawa.bird_meat_cooked":1,"stat.swimOneCm":82807,"stat.craftItem.minecraft.shield":1,"stat.useItem.minecraft.planks":2,"stat.climbOneCm":1037,"stat.useItem.minecraft.dirt":30,"stat.useItem.minecraft.stone_slab2":28,"stat.pickup.minecraft.bow":1,"stat.pickup.zawa.bird_meat":1,"stat.drop.minecraft.iron_sword":1,"stat.pickup.minecraft.rotten_flesh":13,"stat.craftItem.minecraft.furnace":1,"stat.craftItem.nocubessrparmory.twistedarmorboots":1,"stat.craftItem.minecraft.stone_axe":1,"stat.craftItem.minecraft.stone_pickaxe":1,"stat.pickup.minecraft.cobblestone":27,"stat.pickup.zawa.reptile_hide":4,"stat.craftItem.minecraft.stone_sword":1,"stat.flyOneCm":401151,"stat.pickup.biomesoplenty.mushroom":1,"stat.pickup.nocubessrparmory.pestilentpart":2,"stat.timeSinceDeath":9625,"stat.useItem.minecraft.iron_pickaxe":18,"stat.craftItem.minecraft.wooden_pickaxe":2,"stat.furnaceInteraction":29,"stat.mineBlock.minecraft.coal_ore":14,"stat.pickup.srparasites.lurecomponent1":10,"stat.killEntity.Creeper":1,"stat.pickup.minecraft.shield":1,"stat.talkedToVillager":4,"stat.pickup.minecraft.string":5,"stat.drop.minecraft.log2":1,"stat.pickup.minecraft.furnace":3,"stat.craftItem.zawa.bird_meat_cooked":1,"stat.craftItem.minecraft.stone_slab2":0,"stat.pickup.zawa.reptile_meat_raw":12,"stat.killEntity.Squid":12,"stat.sprintOneCm":316139,"stat.pickup.biomesoplenty.flower_0":2,"stat.mineBlock.biomesoplenty.flower_0":1,"stat.craftItem.minecraft.stick":28,"stat.craftItem.minecraft.wooden_axe":2,"stat.killEntity.Horse":9,"stat.mineBlock.biomesoplenty.mushroom":1,"stat.useItem.minecraft.wheat_seeds":16,"stat.mineBlock.minecraft.crafting_table":2,"stat.useItem.minecraft.carrot":42,"stat.deaths":5,"stat.drop":5,"stat.pickup.zawa.fur":4,"stat.playOneMinute":82325,"stat.craftItem.minecraft.iron_pickaxe":1,"stat.killEntity.Zombie":9,"stat.pickup.zawa.care_guide":1,"stat.diveOneCm":54159,"stat.pickup.minecraft.wheat":17,"stat.chestOpened":29,"stat.pickup.minecraft.gravel":2,"stat.pickup.minecraft.iron_sword":2,"stat.pickup.minecraft.arrow":12,"stat.pickup.minecraft.stone_axe":1,"stat.useItem.minecraft.rotten_flesh":6,"stat.jump":2287,"stat.pickup.minecraft.coal":29,"stat.fallOneCm":47315,"stat.pickup.minecraft.carrot":138,"stat.useItem.minecraft.stone_axe":37,"stat.craftItem.minecraft.bread":5,"stat.crouchOneCm":6909,"stat.mineBlock.minecraft.chest":1,"stat.pickup.minecraft.spider_eye":1,"stat.craftItem.minecraft.iron_ingot":10,"stat.craftItem.minecraft.chest":1,"stat.craftItem.minecraft.torch":24,"stat.pickup.minecraft.dirt":55,"stat.craftItem.nocubessrparmory.twistedpart":6,"stat.craftingTableInteraction":29,"stat.pickup.minecraft.iron_axe":1,"stat.mineBlock.minecraft.leaves2":1,"stat.mineBlock.minecraft.log2":13,"stat.damageTaken":2593,"stat.pickup.minecraft.feather":4,"stat.pickup.minecraft.leather":32,"stat.mineBlock.minecraft.furnace":2,"stat.useItem.minecraft.wooden_pickaxe":20,"stat.pickup.srparasites.assimilated_flesh":2,"stat.craftItem.minecraft.wooden_sword":1,"stat.pickup.minecraft.log2":15,"stat.mineBlock.biomesoplenty.plant_0":2,"stat.pickup.minecraft.dye":73,"stat.pickup.minecraft.planks":85,"stat.pickup.minecraft.reeds":12,"stat.pickup.biomesoplenty.plant_1":1,"stat.pickup.minecraft.wheat_seeds":80,"stat.pickup.minecraft.potato":31,"stat.useItem.minecraft.stone_pickaxe":1,"stat.useItem.minecraft.stone_sword":55,"stat.damageDealt":9239,"stat.pickup.zawa.bush_meat_raw":2,"stat.mineBlock.minecraft.dirt":45,"stat.craftItem.minecraft.iron_sword":1,"stat.pickup.minecraft.poisonous_potato":2,"stat.craftItem.minecraft.leather":8,"stat.walkOneCm":190748,"stat.useItem.minecraft.bread":4,"stat.useItem.minecraft.torch":4,"stat.pickup.minecraft.stick":11,"stat.pickup.minecraft.crafting_table":2,"stat.useItem.minecraft.cobblestone":5,"stat.craftItem.minecraft.crafting_table":1,"stat.useItem.minecraft.gravel":1,"stat.pickup.minecraft.log":76,"stat.pickup.minecraft.iron_pickaxe":1,"stat.drop.minecraft.sapling":3,"stat.pickup.minecraft.sapling":4,"stat.entityKilledBy.Enderman":1,"stat.killEntity.Skeleton":6,"stat.pickup.minecraft.beetroot":9,"stat.craftItem.minecraft.planks":120,"stat.useItem.minecraft.iron_sword":220,"stat.killEntity.Spider":5,"stat.pickup.minecraft.stone_sword":1,"stat.pickup.minecraft.bread":2,"stat.craftItem.nocubessrparmory.pestilentpart":2,"stat.mobKills":56,"stat.pickup.minecraft.book":21,"stat.mineBlock.minecraft.log":26,"stat.mineBlock.minecraft.bookshelf":7,"stat.pickup.minecraft.beetroot_seeds":31,"stat.pickup.minecraft.torch":20,"stat.sneakTime":2654,"stat.pickup.nocubessrparmory.twistedarmorboots":1,"stat.useItem.minecraft.wooden_axe":29,"stat.drop.zawa.care_guide":1,"stat.mineBlock.minecraft.stone":22,"stat.useItem.minecraft.beetroot":9,"stat.pickup.minecraft.chest":1}