{"stat.pickup.minecraft.bone":2,"stat.useItem.minecraft.iron_axe":7,"stat.useItem.minecraft.log2":8,"stat.craftItem.minecraft.iron_axe":1,"stat.useItem.zawa.bird_meat_cooked":1,"stat.swimOneCm":50999,"stat.craftItem.minecraft.shield":1,"stat.useItem.minecraft.dirt":26,"stat.useItem.minecraft.stone_slab2":11,"stat.pickup.minecraft.bow":1,"stat.pickup.zawa.bird_meat":1,"stat.drop.minecraft.iron_sword":1,"stat.pickup.minecraft.rotten_flesh":6,"stat.craftItem.minecraft.furnace":1,"stat.craftItem.minecraft.stone_axe":1,"stat.craftItem.minecraft.stone_pickaxe":1,"stat.pickup.minecraft.cobblestone":24,"stat.pickup.zawa.reptile_hide":2,"stat.craftItem.minecraft.stone_sword":1,"stat.flyOneCm":181361,"stat.pickup.biomesoplenty.mushroom":1,"stat.timeSinceDeath":28445,"stat.useItem.minecraft.iron_pickaxe":15,"stat.craftItem.minecraft.wooden_pickaxe":1,"stat.furnaceInteraction":24,"stat.mineBlock.minecraft.coal_ore":14,"stat.pickup.srparasites.lurecomponent1":3,"stat.killEntity.Creeper":1,"stat.talkedToVillager":4,"stat.pickup.minecraft.string":3,"stat.drop.minecraft.log2":1,"stat.pickup.minecraft.furnace":2,"stat.craftItem.zawa.bird_meat_cooked":1,"stat.craftItem.minecraft.stone_slab2":0,"stat.pickup.zawa.reptile_meat_raw":3,"stat.killEntity.Squid":12,"stat.sprintOneCm":164146,"stat.pickup.biomesoplenty.flower_0":2,"stat.mineBlock.biomesoplenty.flower_0":1,"stat.craftItem.minecraft.stick":20,"stat.craftItem.minecraft.wooden_axe":1,"stat.killEntity.Horse":5,"stat.mineBlock.biomesoplenty.mushroom":1,"stat.useItem.minecraft.wheat_seeds":16,"stat.mineBlock.minecraft.crafting_table":2,"stat.useItem.minecraft.carrot":26,"stat.deaths":1,"stat.drop":5,"stat.playOneMinute":45805,"stat.craftItem.minecraft.iron_pickaxe":1,"stat.killEntity.Zombie":4,"stat.pickup.zawa.care_guide":1,"stat.diveOneCm":31595,"stat.pickup.minecraft.wheat":16,"stat.chestOpened":7,"stat.pickup.minecraft.gravel":2,"stat.pickup.minecraft.iron_sword":1,"stat.pickup.minecraft.arrow":4,"stat.pickup.minecraft.stone_axe":1,"stat.useItem.minecraft.rotten_flesh":5,"stat.jump":1105,"stat.pickup.minecraft.coal":14,"stat.fallOneCm":20674,"stat.pickup.minecraft.carrot":68,"stat.useItem.minecraft.stone_axe":37,"stat.craftItem.minecraft.bread":1,"stat.crouchOneCm":5767,"stat.mineBlock.minecraft.chest":1,"stat.pickup.minecraft.spider_eye":1,"stat.craftItem.minecraft.iron_ingot":10,"stat.craftItem.minecraft.chest":1,"stat.craftItem.minecraft.torch":24,"stat.pickup.minecraft.dirt":37,"stat.craftingTableInteraction":19,"stat.mineBlock.minecraft.leaves2":1,"stat.mineBlock.minecraft.log2":13,"stat.damageTaken":1138,"stat.pickup.minecraft.feather":4,"stat.pickup.minecraft.leather":5,"stat.mineBlock.minecraft.furnace":1,"stat.useItem.minecraft.wooden_pickaxe":19,"stat.pickup.minecraft.log2":15,"stat.mineBlock.biomesoplenty.plant_0":2,"stat.pickup.minecraft.dye":50,"stat.pickup.minecraft.planks":1,"stat.pickup.minecraft.reeds":11,"stat.pickup.biomesoplenty.plant_1":1,"stat.pickup.minecraft.wheat_seeds":79,"stat.pickup.minecraft.potato":31,"stat.useItem.minecraft.stone_pickaxe":1,"stat.useItem.minecraft.stone_sword":55,"stat.damageDealt":5627,"stat.mineBlock.minecraft.dirt":27,"stat.craftItem.minecraft.iron_sword":1,"stat.pickup.minecraft.poisonous_potato":2,"stat.walkOneCm":112180,"stat.useItem.minecraft.bread":1,"stat.useItem.minecraft.torch":2,"stat.pickup.minecraft.stick":11,"stat.pickup.minecraft.crafting_table":2,"stat.useItem.minecraft.cobblestone":2,"stat.craftItem.minecraft.crafting_table":1,"stat.useItem.minecraft.gravel":1,"stat.pickup.minecraft.log":76,"stat.drop.minecraft.sapling":3,"stat.pickup.minecraft.sapling":4,"stat.entityKilledBy.Enderman":1,"stat.killEntity.Skeleton":4,"stat.pickup.minecraft.beetroot":9,"stat.craftItem.minecraft.planks":120,"stat.useItem.minecraft.iron_sword":141,"stat.killEntity.Spider":5,"stat.pickup.minecraft.stone_sword":1,"stat.pickup.minecraft.bread":1,"stat.mobKills":35,"stat.pickup.minecraft.book":21,"stat.mineBlock.minecraft.log":26,"stat.mineBlock.minecraft.bookshelf":7,"stat.pickup.minecraft.beetroot_seeds":31,"stat.sneakTime":2230,"stat.useItem.minecraft.wooden_axe":29,"stat.drop.zawa.care_guide":1,"stat.mineBlock.minecraft.stone":19,"stat.useItem.minecraft.beetroot":9,"stat.pickup.minecraft.chest":1}