{"stat.chestOpened":24,"stat.pickup.minecraft.bone":7,"stat.useItem.minecraft.stone":1,"stat.useItem.minecraft.iron_axe":39,"stat.pickup.minecraft.arrow":7,"stat.mineBlock.minecraft.cobblestone":10,"stat.pickup.biomesoplenty.fir_door":2,"stat.pickup.minecraft.stone_pickaxe":6,"stat.drop.zawa.rat_cooked":1,"stat.craftItem.minecraft.iron_axe":1,"stat.mineBlock.srparasites.gore":1,"stat.useItem.zawa.bird_meat_cooked":3,"stat.useItem.minecraft.rotten_flesh":2,"stat.craftItem.biomesoplenty.planks_0":268,"stat.useItem.zawa.rat_cooked":3,"stat.swimOneCm":8141,"stat.jump":1576,"stat.pickup.zawa.worm":3,"stat.pickup.minecraft.coal":8,"stat.fallOneCm":40470,"stat.useItem.minecraft.planks":17,"stat.craftItem.minecraft.shield":1,"stat.pickup.minecraft.iron_ingot":14,"stat.crouchOneCm":41671,"stat.craftItem.minecraft.iron_ingot":34,"stat.craftItem.minecraft.torch":8,"stat.craftItem.minecraft.chest":1,"stat.pickup.minecraft.dirt":238,"stat.useItem.minecraft.dirt":189,"stat.craftItem.minecraft.iron_helmet":1,"stat.useItem.minecraft.stone_slab2":16,"stat.pickup.minecraft.bow":3,"stat.pickup.zawa.bird_meat":3,"stat.craftingTableInteraction":37,"stat.pickup.minecraft.iron_ore":43,"stat.pickup.minecraft.rotten_flesh":2,"stat.pickup.minecraft.gold_ore":4,"stat.craftItem.minecraft.iron_boots":1,"stat.pickup.minecraft.wooden_pickaxe":1,"stat.damageTaken":2158,"stat.pickup.minecraft.feather":5,"stat.craftItem.zawa.rat_cooked":3,"stat.useItem.minecraft.iron_ore":3,"stat.mineBlock.minecraft.torch":4,"stat.mineBlock.minecraft.furnace":5,"stat.useItem.minecraft.wooden_pickaxe":1,"stat.pickup.minecraft.cobblestone":450,"stat.craftItem.minecraft.wooden_sword":2,"stat.mineBlock.biomesoplenty.plant_0":8,"stat.pickup.minecraft.reeds":2,"stat.useItem.minecraft.stone_shovel":9,"stat.flyOneCm":206895,"stat.craftItem.minecraft.iron_shovel":1,"stat.pickup.minecraft.wheat_seeds":1,"stat.entityKilledBy.Zombie":1,"stat.mineBlock.minecraft.gravel":1,"stat.drop.futuremc.smoker":1,"stat.useItem.minecraft.stone_pickaxe":82,"stat.useItem.minecraft.stone_sword":25,"stat.craftItem.minecraft.iron_leggings":1,"stat.damageDealt":2459,"stat.pickup.zawa.bush_meat_raw":1,"stat.mineBlock.minecraft.iron_ore":35,"stat.timeSinceDeath":11025,"stat.mineBlock.minecraft.dirt":228,"stat.useItem.minecraft.iron_pickaxe":431,"stat.craftItem.minecraft.wooden_pickaxe":1,"stat.pickup.zawa.large_meat_cooked":1,"stat.pickup.minecraft.mutton":2,"stat.craftItem.minecraft.iron_sword":1,"stat.useItem.minecraft.iron_shovel":211,"stat.pickup.futuremc.smoker":2,"stat.mineBlock.biomesoplenty.leaves_0":6,"stat.craftItem.minecraft.stone_shovel":1,"stat.mineBlock.biomesoplenty.log_2":1,"stat.walkOneCm":254653,"stat.useItem.minecraft.torch":11,"stat.mineBlock.biomesoplenty.leaves_1":47,"stat.pickup.minecraft.stick":1,"stat.pickup.minecraft.wooden_axe":1,"stat.pickup.minecraft.crafting_table":1,"stat.pickup.biomesoplenty.sapling_0":6,"stat.pickup.minecraft.wooden_shovel":1,"stat.useItem.minecraft.cobblestone":120,"stat.craftItem.minecraft.crafting_table":2,"stat.furnaceInteraction":62,"stat.mineBlock.minecraft.double_plant":1,"stat.mineBlock.futuremc.cornflower":1,"stat.mineBlock.minecraft.coal_ore":6,"stat.pickup.srparasites.lurecomponent1":1,"stat.mineBlock.biomesoplenty.planks_0":14,"stat.pickup.minecraft.log":34,"stat.pickup.biomesoplenty.planks_0":83,"stat.mineBlock.futuremc.smoker":1,"stat.drop.biomesoplenty.sapling_0":2,"stat.pickup.minecraft.iron_pickaxe":1,"stat.useItem.minecraft.cooked_mutton":1,"stat.pickup.minecraft.furnace":5,"stat.craftItem.zawa.bird_meat_cooked":3,"stat.craftItem.minecraft.stone_slab2":0,"stat.pickup.minecraft.stone":23,"stat.craftItem.minecraft.iron_chestplate":1,"stat.pickup.zawa.blubber":10,"stat.pickup.minecraft.sapling":4,"stat.useItem.zawa.large_meat_cooked":1,"stat.pickup.biomesoplenty.flower_1":2,"stat.sprintOneCm":234232,"stat.entityKilledBy.Enderman":1,"stat.mineBlock.biomesoplenty.log_0":66,"stat.craftItem.minecraft.stick":28,"stat.craftItem.minecraft.wooden_axe":2,"stat.killEntity.Skeleton":2,"stat.pickup.biomesoplenty.log_0":66,"stat.craftItem.minecraft.planks":92,"stat.pickup.biomesoplenty.log_2":1,"stat.drop.zawa.bird_meat":1,"stat.pickup.futuremc.cornflower":1,"stat.useItem.biomesoplenty.planks_0":233,"stat.mineBlock.minecraft.crafting_table":1,"stat.pickup.minecraft.stone_sword":1,"stat.pickup.zawa.rat_cooked":1,"stat.killEntity.betteranimalsplus.zotzpyre":1,"stat.useItem.minecraft.wooden_shovel":19,"stat.mobKills":13,"stat.mineBlock.minecraft.log":33,"stat.deaths":7,"stat.drop":5,"stat.pickup.zawa.fur":2,"stat.mineBlock.minecraft.leaves":5,"stat.playOneMinute":83581,"stat.useItem.minecraft.wooden_sword":21,"stat.craftItem.minecraft.wooden_shovel":1,"stat.pickup.minecraft.torch":4,"stat.killEntity.Sheep":2,"stat.sneakTime":9379,"stat.craftItem.minecraft.iron_pickaxe":3,"stat.pickup.minecraft.wool":2,"stat.killEntity.Zombie":1,"stat.pickup.zawa.care_guide":2,"stat.useItem.minecraft.wooden_axe":67,"stat.drop.minecraft.iron_ingot":7,"stat.pickup.minecraft.yellow_flower":2,"stat.mineBlock.minecraft.stone":449,"stat.mineBlock.minecraft.gold_ore":6,"stat.mineBlock.minecraft.tallgrass":12,"stat.craftItem.minecraft.cooked_mutton":1,"stat.diveOneCm":25647}