{"stat.pickup.minecraft.bone":4,"stat.useItem.minecraft.iron_axe":7,"stat.useItem.minecraft.log2":8,"stat.craftItem.minecraft.iron_axe":1,"stat.useItem.zawa.bird_meat_cooked":1,"stat.swimOneCm":57412,"stat.craftItem.minecraft.shield":1,"stat.useItem.minecraft.planks":2,"stat.useItem.minecraft.dirt":30,"stat.useItem.minecraft.stone_slab2":24,"stat.pickup.minecraft.bow":1,"stat.pickup.zawa.bird_meat":1,"stat.drop.minecraft.iron_sword":1,"stat.pickup.minecraft.rotten_flesh":8,"stat.craftItem.minecraft.furnace":1,"stat.craftItem.nocubessrparmory.twistedarmorboots":1,"stat.craftItem.minecraft.stone_axe":1,"stat.craftItem.minecraft.stone_pickaxe":1,"stat.pickup.minecraft.cobblestone":27,"stat.pickup.zawa.reptile_hide":2,"stat.craftItem.minecraft.stone_sword":1,"stat.flyOneCm":233899,"stat.pickup.biomesoplenty.mushroom":1,"stat.timeSinceDeath":46,"stat.useItem.minecraft.iron_pickaxe":18,"stat.craftItem.minecraft.wooden_pickaxe":1,"stat.furnaceInteraction":25,"stat.mineBlock.minecraft.coal_ore":14,"stat.pickup.srparasites.lurecomponent1":5,"stat.killEntity.Creeper":1,"stat.talkedToVillager":4,"stat.pickup.minecraft.string":4,"stat.drop.minecraft.log2":1,"stat.pickup.minecraft.furnace":2,"stat.craftItem.zawa.bird_meat_cooked":1,"stat.craftItem.minecraft.stone_slab2":0,"stat.pickup.zawa.reptile_meat_raw":6,"stat.killEntity.Squid":12,"stat.sprintOneCm":204774,"stat.pickup.biomesoplenty.flower_0":2,"stat.mineBlock.biomesoplenty.flower_0":1,"stat.craftItem.minecraft.stick":20,"stat.craftItem.minecraft.wooden_axe":1,"stat.killEntity.Horse":9,"stat.mineBlock.biomesoplenty.mushroom":1,"stat.useItem.minecraft.wheat_seeds":16,"stat.mineBlock.minecraft.crafting_table":2,"stat.useItem.minecraft.carrot":30,"stat.deaths":2,"stat.drop":5,"stat.pickup.zawa.fur":4,"stat.playOneMinute":58405,"stat.craftItem.minecraft.iron_pickaxe":1,"stat.killEntity.Zombie":5,"stat.pickup.zawa.care_guide":1,"stat.diveOneCm":33594,"stat.pickup.minecraft.wheat":16,"stat.chestOpened":16,"stat.pickup.minecraft.gravel":2,"stat.pickup.minecraft.iron_sword":1,"stat.pickup.minecraft.arrow":6,"stat.pickup.minecraft.stone_axe":1,"stat.useItem.minecraft.rotten_flesh":5,"stat.jump":1509,"stat.pickup.minecraft.coal":14,"stat.fallOneCm":30180,"stat.pickup.minecraft.carrot":68,"stat.useItem.minecraft.stone_axe":37,"stat.craftItem.minecraft.bread":5,"stat.crouchOneCm":6611,"stat.mineBlock.minecraft.chest":1,"stat.pickup.minecraft.spider_eye":1,"stat.craftItem.minecraft.iron_ingot":10,"stat.craftItem.minecraft.chest":1,"stat.craftItem.minecraft.torch":24,"stat.pickup.minecraft.dirt":51,"stat.craftItem.nocubessrparmory.twistedpart":4,"stat.craftingTableInteraction":25,"stat.mineBlock.minecraft.leaves2":1,"stat.mineBlock.minecraft.log2":13,"stat.damageTaken":1583,"stat.pickup.minecraft.feather":4,"stat.pickup.minecraft.leather":16,"stat.mineBlock.minecraft.furnace":1,"stat.useItem.minecraft.wooden_pickaxe":19,"stat.pickup.minecraft.log2":15,"stat.mineBlock.biomesoplenty.plant_0":2,"stat.pickup.minecraft.dye":50,"stat.pickup.minecraft.planks":1,"stat.pickup.minecraft.reeds":11,"stat.pickup.biomesoplenty.plant_1":1,"stat.pickup.minecraft.wheat_seeds":79,"stat.pickup.minecraft.potato":31,"stat.useItem.minecraft.stone_pickaxe":1,"stat.useItem.minecraft.stone_sword":55,"stat.damageDealt":7794,"stat.pickup.zawa.bush_meat_raw":2,"stat.mineBlock.minecraft.dirt":41,"stat.craftItem.minecraft.iron_sword":1,"stat.pickup.minecraft.poisonous_potato":2,"stat.craftItem.minecraft.leather":8,"stat.walkOneCm":144620,"stat.useItem.minecraft.bread":4,"stat.useItem.minecraft.torch":4,"stat.pickup.minecraft.stick":11,"stat.pickup.minecraft.crafting_table":2,"stat.useItem.minecraft.cobblestone":5,"stat.craftItem.minecraft.crafting_table":1,"stat.useItem.minecraft.gravel":1,"stat.pickup.minecraft.log":76,"stat.drop.minecraft.sapling":3,"stat.pickup.minecraft.sapling":4,"stat.entityKilledBy.Enderman":1,"stat.killEntity.Skeleton":5,"stat.pickup.minecraft.beetroot":9,"stat.craftItem.minecraft.planks":120,"stat.useItem.minecraft.iron_sword":188,"stat.killEntity.Spider":5,"stat.pickup.minecraft.stone_sword":1,"stat.pickup.minecraft.bread":1,"stat.craftItem.nocubessrparmory.pestilentpart":2,"stat.mobKills":47,"stat.pickup.minecraft.book":21,"stat.mineBlock.minecraft.log":26,"stat.mineBlock.minecraft.bookshelf":7,"stat.pickup.minecraft.beetroot_seeds":31,"stat.sneakTime":2514,"stat.useItem.minecraft.wooden_axe":29,"stat.drop.zawa.care_guide":1,"stat.mineBlock.minecraft.stone":22,"stat.useItem.minecraft.beetroot":9,"stat.pickup.minecraft.chest":1}