{"stat.useItem.minecraft.bow":35,"stat.pickup.zawa.hunting_rifle":4,"stat.leaveGame":6,"stat.killEntity.betteranimalsplus.goat":2,"stat.craftItem.minecraft.iron_axe":5,"stat.useItem.zawa.bird_meat_cooked":3,"stat.drop.zawa.tranquilizer_gun":1,"stat.pickup.sparkshammers.hammer_iron":6,"stat.mineBlock.minecraft.sandstone":2,"stat.useItem.zawa.rat_cooked":3,"stat.pickup.srparasites.parasitecanister":2,"stat.pickup.zawa.worm":39,"stat.craftItem.zawa.bush_meat_cooked":4,"stat.useItem.minecraft.planks":64,"stat.craftItem.minecraft.shield":4,"stat.mineBlock.minecraft.web":44,"stat.pickup.minecraft.porkchop":6,"stat.craftItem.spartanweaponry.javelin_stone":17,"stat.entityKilledBy.srmonstress.heartdemon":1,"stat.drop.minecraft.iron_sword":2,"stat.useItem.minecraft.water_bucket":2,"stat.pickup.minecraft.rotten_flesh":75,"stat.pickup.minecraft.sand":8,"stat.craftItem.minecraft.golden_apple":2,"stat.craftItem.zawa.iron_wall_lamp":4,"stat.entityKilledBy.Spider":1,"stat.useItem.sparkshammers.hammer_iron":5996,"stat.pickup.minecraft.bucket":1,"stat.killEntity.Enderman":3,"stat.pickup.minecraft.wooden_hoe":3,"stat.killEntity.betteranimalsplus.brownbear":1,"stat.craftItem.minecraft.iron_shovel":2,"stat.useItem.minecraft.ender_pearl":2,"stat.mineBlock.minecraft.sand":1,"stat.killEntity.Witch":2,"stat.drop.spartanweaponry.boomerang_iron":2,"stat.craftItem.minecraft.wooden_hoe":1,"stat.craftItem.minecraft.cooked_fish":1,"stat.killEntity.Villager":1,"stat.useItem.zawa.carnivore_meat_cooked":2,"stat.drop.spartanweaponry.javelin_iron":3,"stat.useItem.minecraft.iron_pickaxe":2947,"stat.drop.minecraft.diamond":4,"stat.craftItem.minecraft.wooden_pickaxe":1,"stat.useItem.minecraft.iron_shovel":453,"stat.pickup.minecraft.double_plant":3,"stat.craftItem.minecraft.bed":1,"stat.craftItem.spartanweaponry.boomerang_iron":1,"stat.pickup.minecraft.wooden_shovel":1,"stat.furnaceInteraction":289,"stat.craftItem.spartanweaponry.material":28,"stat.killEntity.ZombieVillager":1,"stat.pickup.srparasites.lurecomponent2":4,"stat.mineBlock.futuremc.cornflower":1,"stat.pickup.srparasites.lurecomponent1":14,"stat.pickup.minecraft.beef":19,"stat.useItem.minecraft.cooked_mutton":5,"stat.pickup.minecraft.furnace":28,"stat.pickup.zawa.large_meat_raw":50,"stat.craftItem.zawa.bird_meat_cooked":3,"stat.useItem.minecraft.red_sandstone":5,"stat.mineBlock.sparkshammers.hammer_craft":3,"stat.pickup.biomesoplenty.flower_1":2,"stat.mineBlock.minecraft.stained_hardened_clay":1,"stat.pickup.minecraft.iron_chestplate":7,"stat.useItem.minecraft.stone_stairs":46,"stat.craftItem.zawa.hunting_rifle":1,"stat.pickup.minecraft.stone_stairs":22,"stat.mineBlock.minecraft.fence":1,"stat.craftItem.zawa.carnivore_meat_cooked":2,"stat.killEntity.betteranimalsplus.tarantula":2,"stat.killEntity.Husk":10,"stat.killEntity.betteranimalsplus.zotzpyre":2,"stat.useItem.minecraft.dye":66,"stat.mineBlock.minecraft.oak_stairs":3,"stat.deaths":25,"stat.pickup.zawa.fur":14,"stat.pickup.minecraft.egg":3,"stat.playOneMinute":545954,"stat.craftItem.minecraft.wooden_shovel":1,"stat.craftItem.minecraft.iron_pickaxe":12,"stat.craftItem.sparkshammers.hammer_head_wood":1,"stat.pickup.zawa.care_guide":2,"stat.pickup.minecraft.iron_bars":48,"stat.drop.minecraft.iron_ingot":7,"stat.mineBlock.minecraft.tallgrass":40,"stat.craftItem.minecraft.cooked_mutton":5,"stat.chestOpened":244,"stat.killEntity.betteranimalsplus.goose":2,"stat.useItem.minecraft.stone":31,"stat.useItem.spartanweaponry.boomerang_iron":50,"stat.pickup.minecraft.arrow":93,"stat.pickup.minecraft.waterlily":2,"stat.pickup.minecraft.iron_sword":8,"stat.craftItem.biomesoplenty.planks_0":316,"stat.fallOneCm":203519,"stat.pickup.zawa.tiger_fur":3,"stat.drop.minecraft.stone":68,"stat.pickup.betteranimalsplus.bear_skin_brown":2,"stat.pickup.minecraft.carrot":261,"stat.crouchOneCm":308680,"stat.pickup.zawa.tortoise_shell":3,"stat.craftItem.minecraft.iron_ingot":311,"stat.craftItem.minecraft.chest":7,"stat.craftItem.zawa.tranquilizer_gun":1,"stat.craftingTableInteraction":190,"stat.pickup.minecraft.wooden_pickaxe":1,"stat.mineBlock.minecraft.log2":2,"stat.pickup.minecraft.feather":9,"stat.useItem.futuremc.sweet_berries":7,"stat.useItem.minecraft.furnace":23,"stat.craftItem.minecraft.wooden_sword":2,"stat.mineBlock.biomesoplenty.plant_1":2,"stat.mineBlock.biomesoplenty.plant_0":43,"stat.pickup.minecraft.dye":33,"stat.pickup.minecraft.planks":189,"stat.pickup.biomesoplenty.plant_1":3,"stat.pickup.minecraft.iron_leggings":5,"stat.pickup.minecraft.wheat_seeds":371,"stat.mineBlock.biomesoplenty.gem_ore":12,"stat.mineBlock.minecraft.gravel":9,"stat.useItem.zawa.iron_wall_lamp":4,"stat.drop.futuremc.smoker":1,"stat.useItem.minecraft.stone_pickaxe":1584,"stat.craftItem.sparkshammers.hammer_wood":1,"stat.useItem.minecraft.stone_sword":25,"stat.craftItem.minecraft.iron_leggings":3,"stat.pickup.biomesoplenty.waterlily":2,"stat.pickup.zawa.bush_meat_raw":7,"stat.useItem.minecraft.wool":1,"stat.useItem.biomesoplenty.berries":5,"stat.mineBlock.minecraft.dirt":507,"stat.craftItem.nocubessrparmory.pestilentarmorboots":1,"stat.pickup.zawa.large_meat_cooked":4,"stat.pickup.biomesoplenty.persimmon":1,"stat.pickup.minecraft.poisonous_potato":2,"stat.mineBlock.biomesoplenty.leaves_0":16,"stat.useItem.minecraft.torch":100,"stat.useItem.minecraft.bread":29,"stat.mineBlock.biomesoplenty.leaves_2":6,"stat.mineBlock.biomesoplenty.leaves_1":83,"stat.useItem.spartanweaponry.javelin_iron":32,"stat.pickup.zawa.tranquilizer_gun":1,"stat.useItem.zawa.reptile_meat_raw":1,"stat.craftItem.minecraft.stone_stairs":64,"stat.pickup.minecraft.crafting_table":19,"stat.useItem.minecraft.log":12,"stat.useItem.minecraft.cobblestone":3064,"stat.craftItem.minecraft.crafting_table":8,"stat.useItem.minecraft.gravel":1,"stat.pickup.zawa.iron_wall_lamp":8,"stat.mineBlock.minecraft.double_plant":5,"stat.pickup.minecraft.iron_hoe":1,"stat.pickup.minecraft.log":313,"stat.useItem.zawa.bush_meat_cooked":7,"stat.useItem.minecraft.cooked_fish":1,"stat.pickup.biomesoplenty.planks_0":142,"stat.craftItem.zawa.bullet_rifle":12,"stat.pickup.sparkshammers.hammer_head_wood":1,"stat.pickup.minecraft.iron_pickaxe":9,"stat.craftItem.zawa.large_meat_cooked":29,"stat.craftItem.minecraft.gold_ingot":47,"stat.drop.minecraft.planks":61,"stat.pickup.minecraft.chicken":5,"stat.pickup.biomesoplenty.boat_pine":2,"stat.pickup.nocubessrparmory.pestilentarmorboots":2,"stat.pickup.minecraft.sapling":22,"stat.entityKilledBy.Enderman":1,"stat.killEntity.srmonstress.aloe":1,"stat.pickup.minecraft.apple":2,"stat.pickup.minecraft.beetroot":21,"stat.craftItem.sparkshammers.hammer_craft":1,"stat.craftItem.minecraft.bucket":1,"stat.craftItem.minecraft.planks":436,"stat.useItem.minecraft.iron_sword":1044,"stat.drop.zawa.bird_meat":1,"stat.pickup.futuremc.cornflower":1,"stat.pickup.biomesoplenty.berries":7,"stat.pickup.minecraft.stone_sword":1,"stat.useItem.spartanweaponry.throwing_axe_iron":5,"stat.pickup.minecraft.book":3,"stat.mineBlock.minecraft.log":189,"stat.craftItem.minecraft.cooked_chicken":4,"stat.useItem.biomesoplenty.boat_pine":2,"stat.pickup.minecraft.red_flower":1,"stat.sneakTime":70179,"stat.pickup.minecraft.wool":55,"stat.useItem.minecraft.baked_potato":34,"stat.useItem.minecraft.wooden_axe":67,"stat.pickup.minecraft.yellow_flower":5,"stat.useItem.minecraft.beetroot":12,"stat.craftItem.minecraft.diamond_chestplate":1,"stat.pickup.minecraft.bone":51,"stat.craftItem.minecraft.diamond_leggings":1,"stat.useItem.minecraft.iron_axe":559,"stat.mineBlock.minecraft.cobblestone":89,"stat.pickup.biomesoplenty.fir_door":2,"stat.pickup.minecraft.stone_pickaxe":18,"stat.drop.zawa.rat_cooked":1,"stat.pickup.minecraft.flint":1,"stat.mineBlock.minecraft.yellow_flower":3,"stat.mineBlock.srparasites.gore":14,"stat.craftItem.minecraft.wool":18,"stat.useItem.minecraft.diamond_sword":218,"stat.craftItem.zawa.reptile_meat_cooked":4,"stat.swimOneCm":103111,"stat.climbOneCm":811,"stat.pickup.minecraft.cooked_porkchop":7,"stat.useItem.minecraft.dirt":318,"stat.useItem.minecraft.stone_slab2":155,"stat.pickup.minecraft.bow":21,"stat.pickup.zawa.bird_meat":4,"stat.pickup.minecraft.iron_boots":9,"stat.craftItem.minecraft.furnace":13,"stat.pickup.zawa.carnivore_meat_raw":2,"stat.useItem.minecraft.egg":6,"stat.craftItem.minecraft.iron_boots":3,"stat.craftItem.zawa.rat_cooked":3,"stat.useItem.minecraft.iron_ore":7,"stat.mineBlock.zawa.dried_bamboo":1,"stat.craftItem.minecraft.stone_pickaxe":1,"stat.craftItem.minecraft.cooked_beef":12,"stat.pickup.minecraft.cobblestone":7283,"stat.useItem.zawa.bush_meat_raw":1,"stat.pickup.futuremc.sweet_berries":22,"stat.useItem.minecraft.stone_shovel":9,"stat.pickup.minecraft.diamond_leggings":1,"stat.flyOneCm":2111481,"stat.pickup.minecraft.glass_bottle":1,"stat.killEntity.srmonstress.patrolman":11,"stat.pickup.minecraft.fish":1,"stat.useItem.minecraft.cooked_beef":11,"stat.pickup.minecraft.cactus":33,"stat.pickup.minecraft.redstone":71,"stat.mineBlock.minecraft.iron_ore":255,"stat.timeSinceDeath":13934,"stat.pickup.minecraft.mutton":6,"stat.pickup.futuremc.smoker":5,"stat.mineBlock.biomesoplenty.log_2":35,"stat.killEntity.Bat":1,"stat.useItem.minecraft.potato":124,"stat.pickup.minecraft.wooden_axe":1,"stat.useItem.minecraft.cooked_porkchop":10,"stat.pickup.minecraft.iron_shovel":1,"stat.mineBlock.minecraft.coal_ore":207,"stat.killEntity.Creeper":18,"stat.pickup.minecraft.shield":6,"stat.talkedToVillager":5,"stat.pickup.minecraft.string":65,"stat.entityKilledBy.Skeleton":1,"stat.craftItem.minecraft.stone_slab2":0,"stat.mineBlock.zawa.iron_wall_lamp":2,"stat.pickup.zawa.reptile_meat_raw":6,"stat.pickup.zawa.blubber":10,"stat.sprintOneCm":1526607,"stat.mineBlock.biomesoplenty.log_0":66,"stat.craftItem.minecraft.stick":192,"stat.craftItem.minecraft.wooden_axe":2,"stat.craftItem.minecraft.stone":10,"stat.mineBlock.minecraft.diamond_ore":32,"stat.mineBlock.biomesoplenty.mushroom":1,"stat.pickup.minecraft.grass":4,"stat.mineBlock.minecraft.crafting_table":18,"stat.useItem.minecraft.diamond_pickaxe":8,"stat.useItem.minecraft.carrot":9,"stat.craftItem.securitycraft.sc_manual":1,"stat.useItem.minecraft.wooden_shovel":19,"stat.pickup.minecraft.diamond_chestplate":3,"stat.entityKilledBy.Creeper":1,"stat.craftItem.spartanweaponry.javelin_iron":8,"stat.mineBlock.minecraft.planks":23,"stat.drop":32,"stat.useItem.minecraft.wooden_sword":21,"stat.killEntity.Sheep":2,"stat.craftItem.minecraft.diamond_pickaxe":1,"stat.killEntity.Zombie":48,"stat.craftItem.minecraft.dye":80,"stat.drop.minecraft.bread":1,"stat.craftItem.minecraft.diamond_axe":1,"stat.mineBlock.minecraft.gold_ore":28,"stat.diveOneCm":112035,"stat.pickup.minecraft.wheat":122,"stat.pickup.minecraft.gravel":8,"stat.craftItem.minecraft.cooked_porkchop":3,"stat.drop.minecraft.cooked_beef":2,"stat.useItem.minecraft.diamond_axe":43,"stat.pickup.minecraft.obsidian":21,"stat.useItem.minecraft.rotten_flesh":29,"stat.drop.spartanweaponry.javelin_stone":9,"stat.pickup.minecraft.diamond_sword":3,"stat.craftItem.minecraft.diamond_sword":1,"stat.jump":9146,"stat.useItem.minecraft.wooden_hoe":29,"stat.pickup.minecraft.coal":348,"stat.pickup.minecraft.iron_helmet":4,"stat.pickup.minecraft.iron_ingot":130,"stat.craftItem.minecraft.lever":2,"stat.pickup.minecraft.gunpowder":14,"stat.craftItem.minecraft.bread":39,"stat.pickup.minecraft.spider_eye":5,"stat.craftItem.minecraft.torch":104,"stat.pickup.minecraft.dirt":660,"stat.craftItem.minecraft.iron_helmet":4,"stat.useItem.zawa.reptile_meat_cooked":4,"stat.useItem.minecraft.cooked_chicken":4,"stat.pickup.minecraft.iron_ore":451,"stat.boatOneCm":382465,"stat.pickup.minecraft.gold_ore":76,"stat.useItem.minecraft.sapling":3,"stat.mineBlock.minecraft.lapis_ore":17,"stat.pickup.minecraft.red_sandstone":22,"stat.pickup.minecraft.iron_axe":9,"stat.mineBlock.minecraft.glass_pane":5,"stat.mineBlock.minecraft.stone_stairs":2,"stat.damageTaken":15456,"stat.pickup.minecraft.leather":16,"stat.craftItem.minecraft.iron_bars":16,"stat.mineBlock.minecraft.torch":20,"stat.mineBlock.minecraft.furnace":25,"stat.mineBlock.minecraft.red_flower":1,"stat.useItem.minecraft.wooden_pickaxe":1,"stat.pickup.srparasites.assimilated_flesh":37,"stat.pickup.minecraft.log2":2,"stat.pickup.minecraft.reeds":11,"stat.killEntity.CaveSpider":5,"stat.pickup.minecraft.bed":2,"stat.pickup.minecraft.potato":254,"stat.pickup.minecraft.oak_stairs":9,"stat.entityKilledBy.Zombie":1,"stat.pickup.minecraft.diamond_axe":2,"stat.damageDealt":50851,"stat.sleepInBed":5,"stat.craftItem.minecraft.baked_potato":59,"stat.useItem.minecraft.crafting_table":1,"stat.killEntity.Pig":2,"stat.craftItem.minecraft.iron_sword":3,"stat.craftItem.minecraft.stone_shovel":1,"stat.pickup.minecraft.boat":1,"stat.walkOneCm":1304855,"stat.useItem.minecraft.chest":3,"stat.pickup.minecraft.stick":49,"stat.pickup.biomesoplenty.sapling_0":7,"stat.pickup.biomesoplenty.sapling_1":1,"stat.pickup.sparkshammers.hammer_craft":2,"stat.mineBlock.biomesoplenty.planks_0":14,"stat.mineBlock.futuremc.smoker":4,"stat.drop.biomesoplenty.sapling_0":3,"stat.pickup.minecraft.stone":718,"stat.craftItem.minecraft.iron_chestplate":2,"stat.mineBlock.minecraft.wool":8,"stat.pickup.minecraft.baked_potato":7,"stat.useItem.zawa.large_meat_cooked":33,"stat.pickup.minecraft.ender_pearl":13,"stat.pickup.minecraft.cooked_beef":1,"stat.drop.srparasites.assimilated_flesh":2,"stat.useItem.spartanweaponry.javelin_stone":239,"stat.killEntity.Skeleton":32,"stat.pickup.biomesoplenty.gem":10,"stat.mineBlock.minecraft.cactus":18,"stat.pickup.biomesoplenty.log_0":66,"stat.pickup.biomesoplenty.log_2":56,"stat.killEntity.Chicken":5,"stat.mineBlock.srparasites.infestremain":3,"stat.useItem.biomesoplenty.planks_0":233,"stat.killEntity.Spider":16,"stat.pickup.minecraft.bread":25,"stat.pickup.zawa.rat_cooked":1,"stat.craftItem.nocubessrparmory.pestilentpart":6,"stat.mobKills":303,"stat.mineBlock.minecraft.bookshelf":1,"stat.killEntity.srmonstress.heartdemon":15,"stat.useItem.minecraft.golden_apple":2,"stat.useItem.minecraft.boat":1,"stat.pickup.minecraft.diamond":48,"stat.mineBlock.minecraft.leaves":230,"stat.pickup.minecraft.beetroot_seeds":38,"stat.pickup.minecraft.torch":162,"stat.mineBlock.srparasites.parasitecanister":3,"stat.mineBlock.minecraft.redstone_ore":71,"stat.mineBlock.minecraft.stone":9730}