{"stat.chestOpened":4,"stat.mineBlock.biomesoplenty.log_2":9,"stat.walkOneCm":160506,"stat.useItem.minecraft.torch":2,"stat.pickup.minecraft.stick":2,"stat.pickup.minecraft.crafting_table":5,"stat.useItem.minecraft.cobblestone":1,"stat.craftItem.minecraft.crafting_table":4,"stat.furnaceInteraction":23,"stat.mineBlock.minecraft.coal_ore":3,"stat.pickup.zawa.legume":1,"stat.mineBlock.srparasites.gore":1,"stat.pickup.minecraft.log":12,"stat.useItem.minecraft.rotten_flesh":1,"stat.craftItem.biomesoplenty.planks_0":36,"stat.useItem.zawa.rat_cooked":6,"stat.pickup.biomesoplenty.planks_0":2,"stat.jump":1122,"stat.swimOneCm":4865,"stat.pickup.zawa.worm":3,"stat.pickup.minecraft.coal":17,"stat.fallOneCm":28001,"stat.climbOneCm":699,"stat.useItem.minecraft.planks":3,"stat.pickup.minecraft.furnace":1,"stat.craftItem.minecraft.stone_slab2":0,"stat.crouchOneCm":5487,"stat.craftItem.minecraft.torch":68,"stat.craftItem.minecraft.chest":1,"stat.pickup.minecraft.sapling":1,"stat.pickup.minecraft.dirt":38,"stat.useItem.minecraft.dirt":20,"stat.sprintOneCm":140591,"stat.useItem.minecraft.stone_slab2":15,"stat.entityKilledBy.Enderman":1,"stat.craftItem.minecraft.stick":52,"stat.craftItem.minecraft.wooden_axe":2,"stat.craftingTableInteraction":24,"stat.pickup.minecraft.iron_ore":6,"stat.pickup.minecraft.rotten_flesh":3,"stat.craftItem.minecraft.furnace":2,"stat.pickup.biomesoplenty.log_2":9,"stat.craftItem.minecraft.planks":56,"stat.pickup.zawa.carnivore_meat_raw":2,"stat.craftItem.zawa.carnivore_meat_cooked":1,"stat.drop.zawa.worm":1,"stat.damageTaken":2566,"stat.mineBlock.minecraft.crafting_table":5,"stat.craftItem.zawa.rat_cooked":6,"stat.useItem.minecraft.iron_ore":2,"stat.craftItem.minecraft.stone_pickaxe":1,"stat.mineBlock.minecraft.furnace":1,"stat.useItem.minecraft.wooden_pickaxe":91,"stat.useItem.minecraft.wooden_shovel":9,"stat.pickup.minecraft.cobblestone":89,"stat.mobKills":6,"stat.mineBlock.biomesoplenty.double_plant":1,"stat.craftItem.minecraft.wooden_sword":3,"stat.mineBlock.biomesoplenty.plant_0":22,"stat.mineBlock.minecraft.log":12,"stat.pickup.minecraft.planks":18,"stat.craftItem.minecraft.stone_sword":2,"stat.flyOneCm":249129,"stat.deaths":8,"stat.mineBlock.minecraft.planks":2,"stat.pickup.minecraft.wheat_seeds":9,"stat.drop":2,"stat.mineBlock.minecraft.leaves":1,"stat.playOneMinute":47097,"stat.drop.minecraft.wheat_seeds":1,"stat.useItem.minecraft.wooden_sword":18,"stat.craftItem.minecraft.wooden_shovel":1,"stat.entityKilledBy.Zombie":1,"stat.useItem.minecraft.stone_pickaxe":12,"stat.sneakTime":2394,"stat.useItem.minecraft.stone_sword":18,"stat.damageDealt":1096,"stat.pickup.zawa.dried_bamboo":1,"stat.useItem.zawa.carnivore_meat_cooked":1,"stat.mineBlock.minecraft.iron_ore":5,"stat.killEntity.Zombie":1,"stat.pickup.zawa.care_guide":2,"stat.timeSinceDeath":8259,"stat.useItem.minecraft.wooden_axe":27,"stat.mineBlock.minecraft.dirt":11,"stat.craftItem.minecraft.wooden_pickaxe":3,"stat.mineBlock.minecraft.stone":95,"stat.mineBlock.minecraft.tallgrass":10,"stat.diveOneCm":7067,"stat.pickup.zawa.rat_raw":4}