{
  "betteranimalsplus:root": {
    "criteria": {
      "tick": "2024-11-13 00:07:58 +0000"
    },
    "done": true
  },
  "biomesoplenty:biomesoplenty/all_biomes": {
    "criteria": {
      "coniferous_forest": "2024-11-13 00:08:39 +0000",
      "boreal_forest": "2024-11-13 00:08:47 +0000"
    },
    "done": false
  },
  "nocubessrparmory:advsrparmoryroot": {
    "criteria": {
      "advsrparmoryroot": "2024-11-13 00:07:58 +0000"
    },
    "done": true
  },
  "biomesoplenty:recipes/buildingblocks/fir_planks": {
    "criteria": {
      "has_log": "2024-11-13 00:15:03 +0000"
    },
    "done": true
  },
  "minecraft:adventure/adventuring_time": {
    "criteria": {
      "extreme_hills_with_trees": "2024-11-13 00:08:28 +0000",
      "extreme_hills": "2024-11-13 00:07:58 +0000"
    },
    "done": false
  }
}